song_id,file_name,Artist,Songtitle,startofthesegment(min.sec),endofthesegment(min.sec),Genre,Mediaeval2013set,song_id,mean_arousal,std_arousal,mean_valence,std_valence,scaled_arousal,scaled_valence,scaled_std_arousal,scaled_std_valence
2,2.mp3,TheNewMystikalTroubadours,TonightALonelyCentury,0.48,1.33,Blues,development,2,3.1,0.99443,3,0.66667,0.2625,0.25,0.12430375,0.08333375
3,3.mp3,KevinMacLeod,DDGroove,0.36,1.21,Blues,evaluation,3,3.5,1.8409,3.3,1.7029,0.3125,0.2875,0.2301125,0.2128625
4,4.mp3,KevinMacLeod,SlowBurn,1.29,2.14,Blues,development,4,5.7,1.4944,5.5,1.7159,0.5875,0.5625,0.1868,0.2144875
5,5.mp3,MyBubba&Mi,NothingMuch,0.36,1.21,Blues,development,5,4.4,2.1187,5.3,1.9465,0.425,0.5375,0.2648375,0.2433125
7,7.mp3,KevinMacLeod,Hustle,0.2,1.05,Blues,development,7,5.8,1.5492,6.4,1.7764,0.6,0.675,0.19365,0.22205
8,8.mp3,KevinMacLeod,DirtRhodes,0.12,0.57,Blues,development,8,3.2,1.4757,4.8,1.6193,0.275,0.475,0.1844625,0.2024125
10,10.mp3,ArneBangHuseby,StormyBlues,1.06,1.51,Blues,development,10,4,1.7638,4.7,1.9465,0.375,0.4625,0.220475,0.2433125
12,12.mp3,SulRebel,RebelBlues,0.03,0.48,Blues,evaluation,12,5.5,2.0138,5.8,1.9889,0.5625,0.6,0.251725,0.2486125
13,13.mp3,MyBubba&Mi,OhKissNo,0.09,0.54,Blues,development,13,3.2,1.4757,4,1.7638,0.275,0.375,0.1844625,0.220475
17,17.mp3,Phoephus,FjcbRedditGtrFillsMix,2.1,2.55,Blues,development,17,4.4,1.8974,6,2.1602,0.425,0.625,0.237175,0.270025
18,18.mp3,BlackRebelMotorcycleClub,BeatTheDevil'sTattoo(Live@KEXP),0.21,1.06,Blues,development,18,4.8,1.8135,3.9,1.4491,0.475,0.3625,0.2266875,0.1811375
19,19.mp3,WHO'SPANDA,Vultures,0.58,1.43,Blues,development,19,5.9,1.7288,4.3,2.0028,0.6125,0.4125,0.2161,0.25035
20,20.mp3,Stevie'sAmpShack,BluesShuffleinAOneTakeImprovExercise,4.1,4.55,Blues,development,20,5.4,2.6331,6.5,2.2236,0.55,0.6875,0.3291375,0.27795
21,21.mp3,CianNugent,MyWarBlues,4.07,4.52,Blues,development,21,6.6,0.96609,6.3,1.4944,0.7,0.6625,0.12076125,0.1868
22,22.mp3,TheNewMystikalTroubadours,TheHolyFeele,0.11,0.56,Blues,evaluation,22,4,1.4142,4.8,1.5492,0.375,0.475,0.176775,0.19365
24,24.mp3,BombayLaughingClub,WorkinBoyBlues,1,1.45,Blues,development,24,5.3,1.7029,3.9,1.8529,0.5375,0.3625,0.2128625,0.2316125
25,25.mp3,TheJonSpencerBluesExplosion,RLGotSoul,0.44,1.29,Blues,development,25,7.9,0.73786,4.7,2.6687,0.8625,0.4625,0.0922325,0.3335875
31,31.mp3,ShortHand,AllisRight,1.26,2.11,Blues,development,31,4.7,1.6364,3.8,1.6193,0.4625,0.35,0.20455,0.2024125
32,32.mp3,TheAgrarians,Princely&Comely,0.32,1.17,Blues,development,32,4.2,1.8738,3.3,1.567,0.4,0.2875,0.234225,0.195875
35,35.mp3,OlimaAnditi,Apoli,0.47,1.32,Blues,development,35,4.8,2.2509,6.5,2.2236,0.475,0.6875,0.2813625,0.27795
37,37.mp3,TheJonSpencerBluesExplosion,Afro,0.33,1.18,Blues,development,37,6.6,2.2211,5.3,2.1108,0.7,0.5375,0.2776375,0.26385
39,39.mp3,BarrenceWhitfieldandTheSavages,Ramblin'Rose,1.21,2.06,Blues,evaluation,39,7.3,1.9465,5.4,2.5033,0.7875,0.55,0.2433125,0.3129125
40,40.mp3,ChuckProphet,YouAndMeBaby(HoldingOn)(Live@KEXP),0.31,1.16,Blues,evaluation,40,4.6,1.3499,4.8,1.6193,0.45,0.475,0.1687375,0.2024125
41,41.mp3,TheNewMystikalTroubadours,LikeNothingElse,0.36,1.21,Blues,development,41,4.3,1.7029,5.1,1.3703,0.4125,0.5125,0.2128625,0.1712875
42,42.mp3,TheNewMystikalTroubadours,ACinematicInfluence,1.58,2.43,Blues,evaluation,42,6.1,1.6633,5.1,2.0248,0.6375,0.5125,0.2079125,0.2531
43,43.mp3,TheAgrarians,PuritansToo,2.44,3.29,Blues,development,43,6.7,2.4518,3.5,1.5811,0.7125,0.3125,0.306475,0.1976375
44,44.mp3,DigitalPrimitives,Walkabout,0.19,1.04,Blues,evaluation,44,3.9,1.1005,4.9,1.6633,0.3625,0.4875,0.1375625,0.2079125
45,45.mp3,MountainCult,Untitled05,1.56,2.41,Blues,development,45,5.1,2.5582,2.1,1.4491,0.5125,0.1375,0.319775,0.1811375
46,46.mp3,LittleHowlin'Wolf,ShesTooFat,2.48,3.33,Blues,development,46,5.3,2.0575,4,1.8257,0.5375,0.375,0.2571875,0.2282125
47,47.mp3,Jahzzar,BoulevardStGermain,2.33,3.18,Blues,development,47,4.4,1.8379,4.4,1.6465,0.425,0.425,0.2297375,0.2058125
48,48.mp3,TheNewMystikalTroubadours,OurSacredCues,0.18,1.03,Blues,development,48,4.5,1.9579,4.8,1.8738,0.4375,0.475,0.2447375,0.234225
49,49.mp3,TheAgrarians,OurNightsontheTurnpike,0.23,1.08,Blues,evaluation,49,3.9,1.3703,5.3,1.2517,0.3625,0.5375,0.1712875,0.1564625
50,50.mp3,Jahzzar,Railroad'sWhiskeyCo,0.2,1.05,Blues,development,50,3.6,1.075,4.8,1.1353,0.325,0.475,0.134375,0.1419125
51,51.mp3,TheAgrarians,FathersTellYrSons,0,0.45,Blues,development,51,3.6,1.1738,3.2,1.0328,0.325,0.275,0.146725,0.1291
52,52.mp3,TheAgrarians,RecognizeAnHourDivine,2.29,3.14,Blues,development,52,4.6,1.1738,5.1,1.912,0.45,0.5125,0.146725,0.239
53,53.mp3,TheNewMystikalTroubadours,OwedtoOldPoetsOurRoleinthePlay,2.36,3.21,Blues,development,53,4.3,2.4967,5.1,1.792,0.4125,0.5125,0.3120875,0.224
54,54.mp3,FitandtheConniptions,Broken,2.01,2.46,Blues,development,54,3.1,1.6633,3.3,1.7029,0.2625,0.2875,0.2079125,0.2128625
55,55.mp3,BigBillBroonzy,BabyPleaseDon'tGo,0.25,1.1,Blues,development,55,5.8,1.3984,5.4,1.1738,0.6,0.55,0.1748,0.146725
56,56.mp3,VieuxFarkaTouré,Fafa,1.49,2.34,Blues,development,56,6.4,1.5055,5.8,1.4757,0.675,0.6,0.1881875,0.1844625
58,58.mp3,FitandtheConniptions,Nothing'sAnyFunAnyMore,0.01,0.46,Blues,development,58,3.3,1.6364,3.4,1.6465,0.2875,0.3,0.20455,0.2058125
59,59.mp3,TheAgrarians,TheTruthIsWhatWeMakeofIt,1.54,2.39,Blues,development,59,5.3,1.8288,4.1,2.0248,0.5375,0.3875,0.2286,0.2531
60,60.mp3,MichaelChapman&TheWoodpiles,HeatIndex,3.39,4.24,Blues,development,60,4.3,1.567,6.4,0.5164,0.4125,0.675,0.195875,0.06455
62,62.mp3,ZombiePromQueen,Baby'sGotMorphineEyes,1.06,1.51,Blues,development,62,6.2,0.91894,3.9,1.2867,0.65,0.3625,0.1148675,0.1608375
64,64.mp3,TheNewMystikalTroubadours,JungleLoveRevisited,1.08,1.53,Blues,evaluation,64,3.6,1.3499,4.9,1.6633,0.325,0.4875,0.1687375,0.2079125
65,65.mp3,TheJonSpencerBluesExplosion,Bellbottoms,0.36,1.21,Blues,development,65,6.4,1.5055,5.8,1.9322,0.675,0.6,0.1881875,0.241525
67,67.mp3,TheJonSpencerBluesExplosion,Gadzooks,2.15,3,Blues,evaluation,67,7.2,0.78881,6.8,1.4757,0.775,0.725,0.09860125,0.1844625
68,68.mp3,CianNugent,Sixes&Sevens(Excerpt),6.15,7,Blues,development,68,3.8,1.3984,4.9,1.7288,0.35,0.4875,0.1748,0.2161
69,69.mp3,BillyChildish,KeepYourLampTrimmedAndBurning[traditional],0.28,1.13,Blues,development,69,3.2,0.91894,3.9,0.8756,0.275,0.3625,0.1148675,0.10945
70,70.mp3,MichaelChapman&TheWoodpiles,Deportee,3.25,4.1,Blues,development,70,4.4,1.7764,3.6,1.5055,0.425,0.325,0.22205,0.1881875
71,71.mp3,TheAgrarians,TheDailyDoseAge,0.22,1.07,Blues,development,71,5.9,1.5951,3.7,0.82327,0.6125,0.3375,0.1993875,0.10290875
72,72.mp3,CreteBoom,BonaFide,1.07,1.52,Blues,development,72,6.7,1.8288,5.6,2.1187,0.7125,0.575,0.2286,0.2648375
73,73.mp3,SoloDjaKabako,Lalalala,3.07,3.52,Blues,development,73,5.8,1.8135,5.6,1.8379,0.6,0.575,0.2266875,0.2297375
74,74.mp3,MountCarmel,Interview,2.19,3.04,Blues,development,74,3,1.7638,4.3,1.4944,0.25,0.4125,0.220475,0.1868
76,76.mp3,MountainCult,Untitled07,1.33,2.18,Blues,development,76,4.3,1.4944,3.2,1.9322,0.4125,0.275,0.1868,0.241525
77,77.mp3,TheRopeRiverBluesBand,YrBluesTripping,0.32,1.17,Blues,development,77,4.2,2.1499,2.9,1.1972,0.4,0.2375,0.2687375,0.14965
78,78.mp3,Mr.&Mrs.Smith,Howtogotosleep,1.29,2.14,Blues,development,78,3.4,1.6465,3.9,2.0248,0.3,0.3625,0.2058125,0.2531
79,79.mp3,DigitalPrimitives,NoHoliday,1.51,2.36,Blues,development,79,5.5,2.2236,5.5,1.4337,0.5625,0.5625,0.27795,0.1792125
80,80.mp3,Lorenzo'sMusic,Roulette,2,2.45,Blues,development,80,6,1.4142,5.1,1.4491,0.625,0.5125,0.176775,0.1811375
81,81.mp3,TheAgrarians,TheNewestFashions,2.27,3.12,Blues,development,81,6.1,2.0248,3.9,1.792,0.6375,0.3625,0.2531,0.224
82,82.mp3,Mr.&Mrs.Smith,GoinOn,0.01,0.46,Blues,development,82,2.9,1.5239,3.5,1.7159,0.2375,0.3125,0.1904875,0.2144875
83,83.mp3,PaulWineJones,IfYouLoveMeLikeYouSay,1.33,2.18,Blues,development,83,6.1,1.1005,5.8,1.8135,0.6375,0.6,0.1375625,0.2266875
84,84.mp3,MountCarmel,SwallowMeUp,0.39,1.24,Blues,development,84,5.9,2.1318,5.6,1.8379,0.6125,0.575,0.266475,0.2297375
85,85.mp3,Lantern,OutOfOurHeads,2.16,3.01,Blues,development,85,7.1,1.1972,6.2,1.6865,0.7625,0.65,0.14965,0.2108125
86,86.mp3,EatatJoe's,EatatJoe's,2.31,3.16,Blues,development,86,5.4,1.7127,5.6,1.2649,0.55,0.575,0.2140875,0.1581125
87,87.mp3,MountainCult,Untitled04,1.21,2.06,Blues,development,87,5.3,2.5841,2.6,0.96609,0.5375,0.2,0.3230125,0.12076125
88,88.mp3,Lorenzo'sMusic,WeAllFallDown,1.51,2.36,Blues,evaluation,88,6.7,1.8288,5.5,1.354,0.7125,0.5625,0.2286,0.16925
89,89.mp3,TheNewMystikalTroubadours,CommonExperiencesMan,2.14,2.59,Blues,development,89,4.5,2.4152,4.8,2.1499,0.4375,0.475,0.3019,0.2687375
90,90.mp3,FitandtheConniptions,WoodForTheTrees,3.35,4.2,Blues,development,90,4.3,1.8288,4.2,1.8135,0.4125,0.4,0.2286,0.2266875
91,91.mp3,SimCain,One,1.25,2.1,Blues,development,91,4.5,1.5092,5.5,1.2693,0.4375,0.5625,0.18865,0.1586625
92,92.mp3,TheRopeRiverBluesBand,Further,1.03,1.48,Blues,development,92,5.8,2.2998,4.7,1.8886,0.6,0.4625,0.287475,0.236075
93,93.mp3,BetsyOlson,Waitin'(Live@KEXP),2.31,3.16,Blues,development,93,7.2,0.78881,6,1.8257,0.775,0.625,0.09860125,0.2282125
95,95.mp3,SteveGunn,OldStrange,1.31,2.16,Blues,evaluation,95,3.3,1.9465,4.6,2.319,0.2875,0.45,0.2433125,0.289875
96,96.mp3,TheDevilMakesThree,AcesandTwos(Live@KEXP),1.04,1.49,Blues,development,96,6.8,1.3984,6.9,1.3703,0.725,0.7375,0.1748,0.1712875
98,98.mp3,TheAgrarians,TheIndexofMemory,1.2,2.05,Blues,development,98,4.3,1.8288,2.7,1.4944,0.4125,0.2125,0.2286,0.1868
99,99.mp3,TheNewMystikalTroubadours,ChamberBlues'TidalBandPresents,2.05,2.5,Blues,development,99,4.3,1.9465,4.1,2.079,0.4125,0.3875,0.2433125,0.259875
101,101.mp3,Mr.&Mrs.Smith,LeasttheOceanisWet,0.17,1.02,Blues,development,101,3.4,1.7127,2.8,0.91894,0.3,0.225,0.2140875,0.1148675
102,102.mp3,MarisaAnderson,Electricity,3.11,3.56,Blues,evaluation,102,6.5,0.97183,5.4,1.6465,0.6875,0.55,0.12147875,0.2058125
103,103.mp3,MountainCult,Untitled01,1.03,1.48,Blues,evaluation,103,5.6,2.0111,3.3,1.8886,0.575,0.2875,0.2513875,0.236075
104,104.mp3,TheRopeRiverBluesBand,BenJonson'sBlues,1.53,2.38,Blues,development,104,6.1,1.912,3.3,1.8886,0.6375,0.2875,0.239,0.236075
105,105.mp3,mojomonkeys,GirlMightDo,2.36,3.21,Blues,development,105,6.5,1.5092,5,1.4907,0.6875,0.5,0.18865,0.1863375
106,106.mp3,FitandtheConniptions,WanderInADream,2.09,2.54,Blues,development,106,4.6,1.5776,3.3,1.2517,0.45,0.2875,0.1972,0.1564625
107,107.mp3,TarredBrigade,WeThreeKings,1.58,2.43,Blues,development,107,6,2.1082,4.8,2.2509,0.625,0.475,0.263525,0.2813625
108,108.mp3,Califone,GivingAwayTheBride(Live@KEXP),1.08,1.53,Blues,development,108,4.5,1.7159,4.2,2.044,0.4375,0.4,0.2144875,0.2555
109,109.mp3,TheAgrarians,You'retheWaveWander!,1.19,2.04,Blues,development,109,4.4,2.3664,4.5,1.5811,0.425,0.4375,0.2958,0.1976375
110,110.mp3,TheAgrarians,(ComeOnandFeele)TheFaithinMe,1.29,2.14,Blues,development,110,4.4,1.8974,2.8,0.91894,0.425,0.225,0.237175,0.1148675
111,111.mp3,Jawbone,DropDownLow,0.22,1.07,Blues,development,111,5.3,1.3375,5.3,1.4944,0.5375,0.5375,0.1671875,0.1868
112,112.mp3,BarrenceWhitfieldandTheSavages,BigMamou,1.37,2.22,Blues,development,112,6.8,1.0328,6.4,1.6465,0.725,0.675,0.1291,0.2058125
113,113.mp3,TheNewMystikalTroubadours,(ShufflingTowards)Art'sHolyShrine,0.33,1.18,Blues,development,113,5.4,1.3499,3.8,0.91894,0.55,0.35,0.1687375,0.1148675
114,114.mp3,VieuxFarkaTouré,Inne(Live@KEXP),1.04,1.49,Blues,development,114,4.8,0.78881,5.7,0.94868,0.475,0.5875,0.09860125,0.118585
115,115.mp3,BarrenceWhitfieldandTheSavages,BipBopBip,1.17,2.02,Blues,development,115,8.4,0.69921,7.8,1.2293,0.925,0.85,0.08740125,0.1536625
116,116.mp3,FitandtheConniptions,MistressSong,1.11,1.56,Blues,evaluation,116,4.4,1.6465,3.9,1.2867,0.425,0.3625,0.2058125,0.1608375
117,117.mp3,DeltaDreambox,QueenofLoneliness,2.23,3.08,Blues,development,117,3.9,1.5239,5,1.8257,0.3625,0.5,0.1904875,0.2282125
118,118.mp3,Cooper-Moore&AssifTsahar,America,1.17,2.02,Blues,development,118,4.9,2.0248,4.6,1.9551,0.4875,0.45,0.2531,0.2443875
119,119.mp3,AmenDunes,EthioSong,2.43,3.28,Blues,development,119,4.3,2.406,3.2,1.3166,0.4125,0.275,0.30075,0.164575
120,120.mp3,SteveGunn,MrFranklin,5.54,6.39,Blues,development,120,3.8,1.6865,5,1.6997,0.35,0.5,0.2108125,0.2124625
121,121.mp3,Mr.&Mrs.Smith,ThenotsoflashyExit,0.29,1.14,Blues,evaluation,121,3.1,0.8756,3.9,1.5951,0.2625,0.3625,0.10945,0.1993875
122,122.mp3,TheAgrarians,TheAttackofEv'ryTime,0.49,1.34,Blues,evaluation,122,5.5,2.0138,4.6,1.9551,0.5625,0.45,0.251725,0.2443875
123,123.mp3,VieuxFarkaTouré,AweiWomei(Live@KEXP),0.23,1.08,Blues,development,123,6.1,1.6633,6.2,1.5492,0.6375,0.65,0.2079125,0.19365
124,124.mp3,TheAgrarians,TheBanksofEternity,0.19,1.04,Blues,evaluation,124,3.7,1.3375,2.8,0.78881,0.3375,0.225,0.1671875,0.09860125
125,125.mp3,TheAgrarians,Songtress'SweetSong,1.23,2.08,Blues,development,125,4.5,1.9579,4.2,1.3984,0.4375,0.4,0.2447375,0.1748
126,126.mp3,LeeMaddeford,Lepetitjardin(withLesGauchersOrchestra),1.11,1.56,Classical,development,126,5.1,1.7288,6.1,1.4491,0.5125,0.6375,0.2161,0.1811375
127,127.mp3,EvgenyGrinko,Sunset,0.02,0.47,Classical,evaluation,127,3,1.9437,5.3,1.767,0.25,0.5375,0.2429625,0.220875
128,128.mp3,FabrizioPaterlini,Veloma,1.1,1.55,Classical,development,128,3.6,1.5055,4,1.633,0.325,0.375,0.1881875,0.204125
129,129.mp3,OskarSchuster,Sneeuwland,1.09,1.54,Classical,evaluation,129,4.2,1.8135,6,1.7638,0.4,0.625,0.2266875,0.220475
130,130.mp3,JaredC.Balogh,Strides,0.26,1.11,Classical,development,130,3.3,1.4944,4.2,1.3984,0.2875,0.4,0.1868,0.1748
131,131.mp3,DexterBritain,Wonderland(Instrumental),0.05,0.5,Classical,development,131,6.1,1.1005,4.9,1.7288,0.6375,0.4875,0.1375625,0.2161
133,133.mp3,OphirIlzetzki,Aleph,4.2,5.05,Classical,development,133,2.8,2.0976,2.2,1.2293,0.225,0.15,0.2622,0.1536625
134,134.mp3,DexterBritain,SummersComing,1.17,2.02,Classical,evaluation,134,5.4,1.8379,6,1.2472,0.55,0.625,0.2297375,0.1559
135,135.mp3,JodyPou,OSolitude(H,1.27,2.12,Classical,development,135,3.7,2.3594,3.5,1.5092,0.3375,0.3125,0.294925,0.18865
136,136.mp3,MysticMorrisonVisions,Fourth,0.57,1.42,Classical,development,136,6.8,1.3984,6.2,1.1353,0.725,0.65,0.1748,0.1419125
137,137.mp3,AaronDunn-SonatinaNo.1inCMajor,I,0.33,1.18,Classical,evaluation,137,4.3,1.767,5.8,1.3984,0.4125,0.6,0.220875,0.1748
138,138.mp3,SilverProcess,EncountersWithAbusiveMen,1.18,2.03,Classical,development,138,3.8,2.7809,2.4,0.96609,0.35,0.175,0.3476125,0.12076125
140,140.mp3,JaredC.Balogh,ShakingOffTheRust,3.07,3.52,Classical,development,140,4.2,1.5492,4.5,2.1213,0.4,0.4375,0.19365,0.2651625
142,142.mp3,CircusMarcus-Auxpucesnº2,Carosello,1.24,2.09,Classical,evaluation,142,4.6,1.8974,4.8,1.8135,0.45,0.475,0.237175,0.2266875
143,143.mp3,CircusMarcus,Auxpucesnº5,1.04,1.49,Classical,evaluation,143,4,1.8257,4.9,1.5239,0.375,0.4875,0.2282125,0.1904875
144,144.mp3,krackatoa,ThePassingofTime,0.29,1.14,Classical,development,144,3.4,1.1738,4.7,0.94868,0.3,0.4625,0.146725,0.118585
145,145.mp3,KevinMacLeod,TheForestandtheTrees,0.38,1.23,Classical,development,145,3.1,2.0248,5.4,2.0111,0.2625,0.55,0.2531,0.2513875
146,146.mp3,MarcelPequel,Nine,0.04,0.49,Classical,development,146,2.4,1.8974,3.5,2.0138,0.175,0.3125,0.237175,0.251725
148,148.mp3,krackatoa,BendingLightInfinityversion,2.4,3.25,Classical,development,148,4.7,1.2517,5,2.1602,0.4625,0.5,0.1564625,0.270025
149,149.mp3,KevinMacLeod,Gagool,2.45,3.3,Classical,development,149,3.4,1.9551,3.1,2.0248,0.3,0.2625,0.2443875,0.2531
150,150.mp3,StevenArntson,BowtoYourNeighbor(Excerpt),1.44,2.29,Classical,evaluation,150,5,2.582,5.4,2.319,0.5,0.55,0.32275,0.289875
151,151.mp3,JamesBeaudreau,Pacifico,0.59,1.44,Classical,development,151,4,2.0548,4.5,1.354,0.375,0.4375,0.25685,0.16925
152,152.mp3,DexterBritain,TheTeaParty,0.12,0.57,Classical,development,152,4.4,1.7127,5.6,1.5055,0.425,0.575,0.2140875,0.1881875
153,153.mp3,EvgenyGrinko,Blizzard,0.35,1.2,Classical,development,153,3.9,2.0248,4.5,1.7795,0.3625,0.4375,0.2531,0.2224375
154,154.mp3,LeeMaddeford,Ouverture,0.27,1.12,Classical,development,154,4.2,1.7512,4.1,1.9692,0.4,0.3875,0.2189,0.24615
155,155.mp3,JaredC.Balogh,Cyprus,4.51,5.36,Classical,evaluation,155,3.6,2.0656,5.4,0.96609,0.325,0.55,0.2582,0.12076125
156,156.mp3,LeeMaddeford,Wheeloffortune(withLesGauchersOrchestra),3.01,3.46,Classical,development,156,6.4,1.2649,6.7,0.48305,0.675,0.7125,0.1581125,0.06038125
157,157.mp3,JamieEvans,OpeningDoors,0.1,0.55,Classical,development,157,4,1.7638,6.2,1.1353,0.375,0.65,0.220475,0.1419125
158,158.mp3,PeterRudenko,500AM,0.39,1.24,Classical,development,158,2.1,0.73786,3.6,1.5055,0.1375,0.325,0.0922325,0.1881875
159,159.mp3,SilverProcess,AwakenFromANightmare,1.48,2.33,Classical,development,159,3.8,2.6998,3.1,1.912,0.35,0.2625,0.337475,0.239
160,160.mp3,AdventChamberOrchestra-Bughici,SuiteforViolin9Horavivace,1.06,1.51,Classical,development,160,3.5,2.2236,3.5,1.6499,0.3125,0.3125,0.27795,0.2062375
161,161.mp3,MITConcertChoir,OFortuna,1.09,1.54,Classical,evaluation,161,6.3,1.2517,3.5,2.0138,0.6625,0.3125,0.1564625,0.251725
162,162.mp3,CircusMarcus,LebaldeRémy,1.02,1.47,Classical,development,162,3.7,1.767,4.6,1.075,0.3375,0.45,0.220875,0.134375
163,163.mp3,JaredC.Balogh,CaughtInARealm,6.02,6.47,Classical,development,163,3.6,1.3499,4.5,1.4337,0.325,0.4375,0.1687375,0.1792125
164,164.mp3,SilverProcess-Skid,RowNight,3.03,3.48,Classical,development,164,4.1,1.792,2.9,2.079,0.3875,0.2375,0.224,0.259875
166,166.mp3,DexterBritain,StopIt(Instrumental),1.02,1.47,Classical,development,166,3.1,1.5239,4.2,1.1353,0.2625,0.4,0.1904875,0.1419125
167,167.mp3,CircusMarcus-Auxpucesnº1,LeschaisesLouisXVI,0.11,0.56,Classical,development,167,2.7,1.4181,3.3,1.7029,0.2125,0.2875,0.1772625,0.2128625
168,168.mp3,KevinMacLeod,FuneralMarchforBrass,0.36,1.21,Classical,development,168,3.3,1.4181,3.4,1.6465,0.2875,0.3,0.1772625,0.2058125
169,169.mp3,JodyPou,BlackCoffee,2.31,3.16,Classical,development,169,2.4,0.84327,2.8,1.1353,0.175,0.225,0.10540875,0.1419125
170,170.mp3,CircusMarcus-Auxpucesnº6,LaFlordeOlmedo,1.11,1.56,Classical,development,170,3,1.633,5,1.5635,0.25,0.5,0.204125,0.1954375
171,171.mp3,ChrisZabriskie,ThatKidinFourthGradeWhoReallyLikedtheDenverBroncos,3.21,4.06,Classical,development,171,2.1,0.73786,3.6,1.8379,0.1375,0.325,0.0922325,0.2297375
172,172.mp3,ChrisZabriskie,TheTemperatureoftheAirontheBowoftheKaleetan,2.16,3.01,Classical,evaluation,172,3.8,2.3476,5,2.357,0.35,0.5,0.29345,0.294625
173,173.mp3,AndrewBisset-CulturalDis,Ease,1.06,1.51,Classical,development,173,4.6,1.7764,2.2,1.2293,0.45,0.15,0.22205,0.1536625
174,174.mp3,JamieEvans,WarAndPeace,1.16,2.01,Classical,development,174,4,1.6997,3.8,1.4757,0.375,0.35,0.2124625,0.1844625
175,175.mp3,StevenArntson,Don'tYouWanttoGotoHeavenUncleSam,0.39,1.24,Classical,development,175,3.7,1.4181,4.3,1.6364,0.3375,0.4125,0.1772625,0.20455
176,176.mp3,MarcelPequel,Six,0.24,1.09,Classical,development,176,2.4,1.7127,3.9,1.6633,0.175,0.3625,0.2140875,0.2079125
177,177.mp3,IKOSDavidCliftonwiththechoirsofPeterboroughCathedral,OComeOComeEmmanuel,0.27,1.12,Classical,development,177,4.8,1.4757,5.6,1.8379,0.475,0.575,0.1844625,0.2297375
178,178.mp3,K-Conjog,UnoIsWalking,0.48,1.33,Classical,evaluation,178,2.8,2.201,3.7,2.2136,0.225,0.3375,0.275125,0.2767
179,179.mp3,DexterBritain,TheTimeToRun,1.25,2.1,Classical,development,179,5.2,2.1499,6,2.0548,0.525,0.625,0.2687375,0.25685
180,180.mp3,JaredC.Balogh,BridgingandMending,0.51,1.36,Classical,development,180,4.8,1.9889,5.9,1.4491,0.475,0.6125,0.2486125,0.1811375
181,181.mp3,StevenArntson,AMuddyHeart,0.18,1.03,Classical,development,181,3.7,2.2136,2.5,0.97183,0.3375,0.1875,0.2767,0.12147875
182,182.mp3,JessicaPavone,DedicatedtoElizabethCotten(withMattBauder),6.04,6.49,Classical,development,182,2.2,0.91894,3.7,2.1628,0.15,0.3375,0.1148675,0.27035
184,184.mp3,FabrizioPaterlini-Foreverblue(MarchRosettare,imaginedversion),1.35,2.2,Classical,development,184,3.6,1.9551,3.4,1.1738,0.325,0.3,0.2443875,0.146725
185,185.mp3,KevinMacLeod,GhostDance,0.05,0.5,Classical,development,185,4.9,2.0248,4.6,1.4298,0.4875,0.45,0.2531,0.178725
186,186.mp3,DexterBritain,NightsTale,0.42,1.27,Classical,development,186,3.7,1.767,4,1.6997,0.3375,0.375,0.220875,0.2124625
187,187.mp3,EvgenyGrinko,OtherChildRoom,0.17,1.02,Classical,development,187,2.5,1.9579,3.7,2.0575,0.1875,0.3375,0.2447375,0.2571875
188,188.mp3,LeeMaddeford,Tom'sLullaby(withLesGauchersOrchestra),1.21,2.06,Classical,development,188,4,1.633,3.3,1.6364,0.375,0.2875,0.204125,0.20455
189,189.mp3,Sláinte,WildRoverwithBellevueChamberChorus,3.2,4.05,Classical,development,189,6.5,1.7159,7.1,1.6633,0.6875,0.7625,0.2144875,0.2079125
190,190.mp3,KevinMacLeod,VirtutesInstrumenti,2.33,3.18,Classical,development,190,2.8,1.9322,3.1,1.3703,0.225,0.2625,0.241525,0.1712875
191,191.mp3,KimikoIshizaka,Variatio14a2Clav,0.06,0.51,Classical,development,191,5.1,2.1318,6.3,2.0028,0.5125,0.6625,0.266475,0.25035
192,192.mp3,StevenArntson,Lucky,0.03,0.48,Classical,development,192,5.8,0.63246,6.1,0.56765,0.6,0.6375,0.0790575,0.07095625
193,193.mp3,MatthewMehlan,Hands,6.43,7.28,Classical,development,193,4.1,1.912,3,1.4142,0.3875,0.25,0.239,0.176775
194,194.mp3,JamieEvans,Reminiscence,0.2,1.05,Classical,development,194,2.7,1.8886,4.7,1.3375,0.2125,0.4625,0.236075,0.1671875
195,195.mp3,RebeccaFoon,GoldenAlleyReprise,2.07,2.52,Classical,development,195,4.2,2.044,2.7,0.82327,0.4,0.2125,0.2555,0.10290875
196,196.mp3,Lanark,BorodinButterfly,1.02,1.47,Classical,development,196,4.3,1.767,4.5,1.7159,0.4125,0.4375,0.220875,0.2144875
197,197.mp3,MarcelPequel,Eight,0.11,0.56,Classical,development,197,2.2,1.4757,2.8,1.3984,0.15,0.225,0.1844625,0.1748
198,198.mp3,LeeRosevere,RedDanube,2.56,3.41,Classical,development,198,1.9,0.73786,3.3,1.8886,0.1125,0.2875,0.0922325,0.236075
199,199.mp3,JohnHarrisonwiththeWichitaStateUniversityChamberPlayers,SpringMvt1Allegro,1.52,2.37,Classical,evaluation,199,5.3,1.567,5.7,1.3375,0.5375,0.5875,0.195875,0.1671875
201,201.mp3,CircusMarcus,LescrocodilesmangentaussilesbonshommesWizzards,0.01,0.46,Classical,development,201,3.7,1.567,4.8,1.6193,0.3375,0.475,0.195875,0.2024125
202,202.mp3,Chance'send,GodRestYeMerryGentlemen,2.08,2.53,Classical,development,202,4.6,1.4298,5.2,1.4757,0.45,0.525,0.178725,0.1844625
203,203.mp3,JaredC.Balogh,WATCHINGITSNOWWHILETHINKINGOFYOU,1.01,1.46,Classical,development,203,3.5,2.0683,4.8,1.7512,0.3125,0.475,0.2585375,0.2189
204,204.mp3,JoeMerolla,SinfoniadiVioloncelloeAMRadioFinitura,0.22,1.07,Classical,evaluation,204,3.6,2.1187,2.2,1.0328,0.325,0.15,0.2648375,0.1291
205,205.mp3,ChrisZabriskie,PreludeNo,0.05,0.5,Classical,development,205,3,1.4907,4.5,2.1213,0.25,0.4375,0.1863375,0.2651625
206,206.mp3,OphirIlzetzki,Unisons,4.14,4.59,Classical,development,206,2.3,0.82327,2.6,1.075,0.1625,0.2,0.10290875,0.134375
207,207.mp3,DexterBritain,NotebookReading,0.24,1.09,Classical,development,207,4.8,2.201,4.8,2.5734,0.475,0.475,0.275125,0.321675
208,208.mp3,DexterBritain,LeaveWellEnoughAlone(Instrumental),0.24,1.09,Classical,development,208,4.8,2.1499,6.5,1.0801,0.475,0.6875,0.2687375,0.1350125
209,209.mp3,KevinMacLeod,AmazingGrace2011,0.21,1.06,Classical,development,209,3.1,0.99443,4.6,1.9551,0.2625,0.45,0.12430375,0.2443875
210,210.mp3,AdventChamberOrchestra-Bughici,SuiteforViolin8Ardeleneascamoderato,0.29,1.14,Classical,development,210,4.2,2.2509,5.5,2.273,0.4,0.5625,0.2813625,0.284125
211,211.mp3,DexterBritain,AfterChristmas,1.3,2.15,Classical,development,211,3.1,1.2867,4.9,0.8756,0.2625,0.4875,0.1608375,0.10945
212,212.mp3,DexterBritain,MySongForJanuary,1.3,2.15,Classical,development,212,4.6,1.6465,5.4,1.8974,0.45,0.55,0.2058125,0.237175
213,213.mp3,SilverProcess,GraveyardIllusions,1.3,2.15,Classical,development,213,2.6,1.5776,2.5,1.7159,0.2,0.1875,0.1972,0.2144875
214,214.mp3,ArnaudRoy,Bluesox,0.16,1.01,Classical,development,214,3.6,2.0656,4.1,1.6633,0.325,0.3875,0.2582,0.2079125
215,215.mp3,SilverProcess,InAPartyWatchingAParty,0.01,0.46,Classical,development,215,3.2,2.201,2.6,1.2649,0.275,0.2,0.275125,0.1581125
216,216.mp3,LloydRodgers,OnThingsInvisibletotheEye(ActII),0.16,1.01,Classical,evaluation,216,4.5,1.6499,5.3,1.1595,0.4375,0.5375,0.2062375,0.1449375
217,217.mp3,JamieEvans,Haunted,2.35,3.2,Classical,development,217,3.5,1.6499,4.8,1.6865,0.3125,0.475,0.2062375,0.2108125
218,218.mp3,EvgenyGrinko,thepianooftheoldseaman,0.23,1.08,Classical,development,218,2.9,1.4491,4,1.5635,0.2375,0.375,0.1811375,0.1954375
219,219.mp3,TheNewHeavenandTheNewEarth,TheBookofFloating,0.47,1.32,Classical,development,219,2.4,0.84327,3.8,1.5492,0.175,0.35,0.10540875,0.19365
220,220.mp3,SilverProcess,JazzBandWithJazzHands,5.5,6.35,Classical,development,220,4.1,1.5951,3.4,1.075,0.3875,0.3,0.1993875,0.134375
221,221.mp3,TheNewYorkUndergroundOrchestra(ConductedByAssifTsahar),First,0.43,1.28,Classical,development,221,4.3,1.6364,3.4,1.8974,0.4125,0.3,0.20455,0.237175
222,222.mp3,OphirIlzetzki,ha'zman,0.42,1.27,Classical,development,222,3.8,1.3984,4.3,2.4967,0.35,0.4125,0.1748,0.3120875
223,223.mp3,MarcelPequel,One,0.17,1.02,Classical,development,223,2.2,1.1353,3.5,2.273,0.15,0.3125,0.1419125,0.284125
224,224.mp3,LECHEVALIERDERINCHY,jinglesinterludesetdimancheminuit,0.37,1.22,Classical,evaluation,224,5.5,1.5811,5.7,1.8886,0.5625,0.5875,0.1976375,0.236075
225,225.mp3,JaredC.Balogh,TheAnticipationOfSpring,4.18,5.03,Classical,development,225,3.7,1.9465,4.2,1.6865,0.3375,0.4,0.2433125,0.2108125
226,226.mp3,JaredC.Balogh,ATOUGHDECISION,2.02,2.47,Classical,development,226,4.9,1.792,5,1.633,0.4875,0.5,0.224,0.204125
227,227.mp3,JaredC.Balogh,SELFREFLECT,1.28,2.13,Classical,development,227,3.1,1.1972,3.5,1.5811,0.2625,0.3125,0.14965,0.1976375
228,228.mp3,EvgenyGrinko,WoodyAllen,0.15,1,Classical,evaluation,228,3.5,1.7159,4,1.3333,0.3125,0.375,0.2144875,0.1666625
229,229.mp3,DexterBritain,SlowMotionStrutVersionTwo,1.5,2.35,Classical,development,229,4.8,1.6865,4.8,1.5492,0.475,0.475,0.2108125,0.19365
231,231.mp3,DexterBritain,Train,0.34,1.19,Classical,development,231,4.1,1.5239,5.6,1.7764,0.3875,0.575,0.1904875,0.22205
232,232.mp3,AdventChamberOrchestra-Dvorak,SerenadeforStringsOp22inEMajorlarghetto,1.07,1.52,Classical,development,232,2.5,1.8409,2.7,1.0593,0.1875,0.2125,0.2301125,0.1324125
233,233.mp3,JaredC.Balogh,HURRYUPANDRAIN,4.55,5.4,Classical,development,233,4.7,1.567,4.5,1.9003,0.4625,0.4375,0.195875,0.2375375
234,234.mp3,JessicaPavone,DedicatedtoLeroyJenkins,6.28,7.13,Classical,evaluation,234,3.5,2.5055,3.9,1.5239,0.3125,0.3625,0.3131875,0.1904875
235,235.mp3,StevenArntson,FlightoftheMoth,0.06,0.51,Classical,development,235,3,1.1547,3.7,1.4181,0.25,0.3375,0.1443375,0.1772625
236,236.mp3,ChuckBettis&JoeMerolla,TransmutationOfMetals,2.01,2.46,Classical,development,236,2.5,1.5811,2.4,1.2649,0.1875,0.175,0.1976375,0.1581125
237,237.mp3,StevenArntson,Birth,1.24,2.09,Classical,development,237,4.2,2.201,3.9,1.3703,0.4,0.3625,0.275125,0.1712875
238,238.mp3,KevinMacLeod-J.S.BachPreludeinC,BWV846,1.2,2.05,Classical,development,238,3,2.0548,4.6,1.8974,0.25,0.45,0.25685,0.237175
239,239.mp3,MarcelPequel,Seven,0.16,1.01,Classical,development,239,2.3,2.0028,3.3,1.6364,0.1625,0.2875,0.25035,0.20455
240,240.mp3,Puh,Gammelvals,2.38,3.23,Classical,development,240,6.4,1.4298,6.6,1.075,0.675,0.7,0.178725,0.134375
241,241.mp3,DexterBritain,AfterTheWeekI'veHad,0.42,1.27,Classical,development,241,4.1,2.2336,4.6,1.4298,0.3875,0.45,0.2792,0.178725
242,242.mp3,IKOSDavidCliftonwiththechoirsofPeterboroughCathedral,SilentNight,0.54,1.39,Classical,evaluation,242,3.5,1.8409,4.7,1.6364,0.3125,0.4625,0.2301125,0.20455
243,243.mp3,MITConcertChoir,Aveformosissima—OFortuna(reprise),3.09,3.54,Classical,development,243,7.2,1.4757,4.1,2.2828,0.775,0.3875,0.1844625,0.28535
244,244.mp3,StevenArntson,Valediction,0.36,1.21,Classical,development,244,4.3,1.4181,4.2,1.7512,0.4125,0.4,0.1772625,0.2189
245,245.mp3,AdventChamberOrchestra-Handel,EntrancetotheQueenofShebaforTwoOboesStringsandContinuoallegro,0.12,0.57,Classical,development,245,4.2,2.0976,6.1,1.6633,0.4,0.6375,0.2622,0.2079125
246,246.mp3,SilverProcess,TraumaticChildhood,5.49,6.34,Classical,development,246,4.9,2.8067,3.2,2.1499,0.4875,0.275,0.3508375,0.2687375
247,247.mp3,JaredC.Balogh,MicroComposition10,0.12,0.57,Classical,development,247,3.9,1.2867,4.5,1.354,0.3625,0.4375,0.1608375,0.16925
248,248.mp3,DexterBritain,ChasingTime,0.06,0.51,Classical,development,248,3.4,1.6465,3.7,1.0593,0.3,0.3375,0.2058125,0.1324125
250,250.mp3,JohnHarrisonwiththeWichitaStateUniversityChamberPlayers,WinterMvt3Allegro,0.29,1.14,Classical,development,250,3.4,2.1705,3.6,1.4298,0.3,0.325,0.2713125,0.178725
253,253.mp3,TheRopeRiverBluesBand,Dance!,0.21,1.06,Country,evaluation,253,6.6,1.6465,2.5,0.84984,0.7,0.1875,0.2058125,0.10623
254,254.mp3,ScottJoplin,OriginalRags(1900pianoroll),0.47,1.32,Country,development,254,5.3,2.406,7.4,1.1738,0.5375,0.8,0.30075,0.146725
257,257.mp3,Stompin'RiffRaffs,WineWineWine,0.21,1.06,Country,evaluation,257,7.6,1.5776,6.9,1.792,0.825,0.7375,0.1972,0.224
258,258.mp3,Mr.&Mrs.Smith,ChainSmokeDays,0.02,0.47,Country,development,258,4.3,1.4181,4.3,1.4181,0.4125,0.4125,0.1772625,0.1772625
260,260.mp3,TheMoaners,Detroit,1.56,2.41,Country,development,260,5.3,1.4944,3.6,1.7127,0.5375,0.325,0.1868,0.2140875
262,262.mp3,ScottJoplin,TheEntertainer(1902pianoroll),1.46,2.31,Country,development,262,5.6,1.5776,6.9,0.99443,0.575,0.7375,0.1972,0.12430375
264,264.mp3,PeterCase,HouseRentJump,1.28,2.13,Country,evaluation,264,5.3,1.3375,5.5,1.5811,0.5375,0.5625,0.1671875,0.1976375
265,265.mp3,GeorgeP.Watson,Emmet'sCuckooSong,0.52,1.37,Country,development,265,4.5,1.7795,6.4,0.69921,0.4375,0.675,0.2224375,0.08740125
266,266.mp3,JasonShaw,SOLOACOUSTICGUITAR,0.21,1.06,Country,development,266,3.6,1.5776,4.8,2.044,0.325,0.475,0.1972,0.2555
269,269.mp3,PaperNavy,SwanSong,0.05,0.5,Country,development,269,4.3,1.8288,4.8,2.044,0.4125,0.475,0.2286,0.2555
270,270.mp3,JohnH.Glover-Kind,IDoLikeToBeBesideTheSeaside(1907pianoroll),0.14,0.59,Country,development,270,6.1,1.7288,7.1,1.7288,0.6375,0.7625,0.2161,0.2161
272,272.mp3,JasonShaw,JENNY'STHEME,0.01,0.46,Country,development,272,5.9,1.912,6.4,1.9551,0.6125,0.675,0.239,0.2443875
273,273.mp3,ShakeThatLittleFoot,WesternCountry,0.53,1.38,Country,development,273,5.4,1.8379,7.2,0.91894,0.55,0.775,0.2297375,0.1148675
274,274.mp3,LECLUBDESCHATS,Mochi,0.09,0.54,Country,development,274,7.7,0.94868,6,2.1082,0.8375,0.625,0.118585,0.263525
275,275.mp3,Caühaüs,RedneckswithWhiteFaces,2.23,3.08,Country,development,275,5.3,1.4944,5.5,1.0801,0.5375,0.5625,0.1868,0.1350125
276,276.mp3,SecretJane,BlackberryHedge,0.14,0.59,Country,development,276,6.1,1.5951,5.3,1.767,0.6375,0.5375,0.1993875,0.220875
278,278.mp3,JasonShaw,ACOUSTICBLUES,0.11,0.56,Country,development,278,5.5,2.1731,5.1,1.7288,0.5625,0.5125,0.2716375,0.2161
279,279.mp3,Krestovsky,Party,0.44,1.29,Country,development,279,3.6,1.2649,4.7,1.4944,0.325,0.4625,0.1581125,0.1868
280,280.mp3,FlyingCloud,UpperRoom,1.08,1.53,Country,development,280,4.2,1.7512,3.3,1.1595,0.4,0.2875,0.2189,0.1449375
281,281.mp3,PercyWenrich,TheSmiler(1907ZonophoneConcertBand),0.26,1.11,Country,development,281,5.4,2.4129,7,1.2472,0.55,0.75,0.3016125,0.1559
282,282.mp3,Dr.Frankenstein,HaveYouSeenIt,1.44,2.29,Country,development,282,3.2,1.7512,4.2,0.78881,0.275,0.4,0.2189,0.09860125
284,284.mp3,Jahzzar,LastDance,0.14,0.59,Country,development,284,4.4,1.5776,5.2,1.2293,0.425,0.525,0.1972,0.1536625
285,285.mp3,LucasGonze,DeathValleyWaltz,0.11,0.56,Country,development,285,3.5,1.0801,5.1,1.4491,0.3125,0.5125,0.1350125,0.1811375
286,286.mp3,ScottJoplin-MapleLeafRag(1899Geiszversion),Z.Brewster,0.32,1.17,Country,development,286,5.7,2.0575,6.9,1.9692,0.5875,0.7375,0.2571875,0.24615
288,288.mp3,JasonShaw,WORDS,0.19,1.04,Country,development,288,3.5,1.9579,5.2,1.8738,0.3125,0.525,0.2447375,0.234225
289,289.mp3,ScottJoplin,PineAppleRag(1908pianoroll),1.35,2.2,Country,development,289,5.7,2.0028,6.7,1.0593,0.5875,0.7125,0.25035,0.1324125
290,290.mp3,AbeSada,TheCity,2.02,2.47,Country,development,290,2.1,0.8756,3.9,1.6633,0.1375,0.3625,0.10945,0.2079125
292,292.mp3,Stompin'RiffRaffs,HorrorShow,0.35,1.2,Country,evaluation,292,7.3,1.0593,7.4,0.96609,0.7875,0.8,0.1324125,0.12076125
293,293.mp3,PartyPeopleinaCan,Ayahuasca,1,1.45,Country,evaluation,293,6.3,1.7029,4.2,2.044,0.6625,0.4,0.2128625,0.2555
294,294.mp3,MooreandGardner,ChineseBlues(1916GeorgeGershwinpianoroll),0.56,1.41,Country,development,294,5.5,2.2236,6.5,2.0138,0.5625,0.6875,0.27795,0.251725
296,296.mp3,CaravanofThieves,Candy,3.27,4.12,Country,development,296,5.9,0.99443,5.7,1.3375,0.6125,0.5875,0.12430375,0.1671875
297,297.mp3,WoodenAmbulance,MyFriend,1.08,1.53,Country,development,297,3.1,1.3703,3.6,1.4298,0.2625,0.325,0.1712875,0.178725
298,298.mp3,Moore&Sons,Obvious,2.11,2.56,Country,development,298,4,1.8257,5.4,1.7764,0.375,0.55,0.2282125,0.22205
299,299.mp3,JasonShaw,RUNNINGWATERS,1.01,1.46,Country,development,299,2.8,1.9889,4.3,1.3375,0.225,0.4125,0.2486125,0.1671875
300,300.mp3,TheBroughtLow,WhatIFound,2.31,3.16,Country,development,300,6.8,1.1353,4.5,1.9579,0.725,0.4375,0.1419125,0.2447375
301,301.mp3,ShaneTutmarc,NeverTurnin'Back(Live@KEXP),0.52,1.37,Country,development,301,3.2,1.5492,3.7,1.8288,0.275,0.3375,0.19365,0.2286
302,302.mp3,Rose'sPawnShop,DangerBehindTheWheel(Live@KEXP),2.26,3.11,Country,development,302,6.6,2.319,7,1.5635,0.7,0.75,0.289875,0.1954375
303,303.mp3,TheCanoes,AmericanEnglish,1.28,2.13,Country,development,303,7,1.1547,6.4,1.8379,0.75,0.675,0.1443375,0.2297375
304,304.mp3,JeremyCohen&MattMunisteri,RoseRoom,0.34,1.19,Country,development,304,3.8,1.8738,4.6,1.7764,0.35,0.45,0.234225,0.22205
305,305.mp3,RexAllen,RidingDownToMexico,0.3,1.15,Country,development,305,6.4,1.1738,6.8,1.0328,0.675,0.725,0.146725,0.1291
306,306.mp3,JamesScott,FrogLegsRag(1906pianoroll),2,2.45,Country,evaluation,306,5.7,2.3118,6.7,1.8288,0.5875,0.7125,0.288975,0.2286
307,307.mp3,ShakeThatLittleFoot,TurkeyintheStraw,0.08,0.53,Country,development,307,6.1,1.1005,6.8,1.4757,0.6375,0.725,0.1375625,0.1844625
308,308.mp3,JasonShaw,WHEELS,0.25,1.1,Country,development,308,4.3,1.767,6.6,0.96609,0.4125,0.7,0.220875,0.12076125
309,309.mp3,Dr.Frankenstein,ThemeforTheMadThinker,2.21,3.06,Country,evaluation,309,5.3,1.767,5.8,1.8738,0.5375,0.6,0.220875,0.234225
310,310.mp3,Mr.&Mrs.Smith,NeighborhoodFuneralDress,0.03,0.48,Country,development,310,2.1,0.8756,2.7,1.0593,0.1375,0.2125,0.10945,0.1324125
311,311.mp3,CaravanofThieves,Ghostwriter,0.35,1.2,Country,development,311,5.8,1.6865,6.9,0.99443,0.6,0.7375,0.2108125,0.12430375
312,312.mp3,AustinLeonardJones,WildGuide,0.25,1.1,Country,evaluation,312,4.6,1.3499,5.8,1.6865,0.45,0.6,0.1687375,0.2108125
313,313.mp3,JasonShaw,TRAVELLIGHT,0.47,1.32,Country,development,313,3.6,1.4298,5.3,1.3375,0.325,0.5375,0.178725,0.1671875
314,314.mp3,AustinLeonardJones,OxDrivingSong,0.19,1.04,Country,development,314,5.8,1.2293,5.9,1.2867,0.6,0.6125,0.1536625,0.1608375
315,315.mp3,ShakeThatLittleFoot,ScotlandtheBrave,0.35,1.2,Country,evaluation,315,6.4,1.5055,7.5,0.84984,0.675,0.8125,0.1881875,0.10623
316,316.mp3,KennyTudrick,TheRiver,1.05,1.5,Country,development,316,2.8,1.3984,3.5,2.0683,0.225,0.3125,0.1748,0.2585375
317,317.mp3,WaylonThornton,RoseWater,0.36,1.21,Country,development,317,6.1,1.792,4.3,1.4181,0.6375,0.4125,0.224,0.1772625
318,318.mp3,Dr.Frankenstein,EmergencyExit,2.1,2.55,Country,development,318,5.9,1.792,5.9,1.5239,0.6125,0.6125,0.224,0.1904875
319,319.mp3,LucasGonze,FrogInTheWell,0.29,1.14,Country,evaluation,319,4.5,2.0683,6.6,0.84327,0.4375,0.7,0.2585375,0.10540875
320,320.mp3,Stompin'RiffRaffs,99Chicks,0.58,1.43,Country,development,320,7.4,1.3499,6.6,1.5055,0.8,0.7,0.1687375,0.1881875
321,321.mp3,Dr.Frankenstein,Necrófago,1.28,2.13,Country,development,321,7.3,0.82327,6,1.8257,0.7875,0.625,0.10290875,0.2282125
322,322.mp3,PeeWeeKing,IWannaSayHello,0.53,1.38,Country,evaluation,322,6.1,1.2867,7.6,1.075,0.6375,0.825,0.1608375,0.134375
323,323.mp3,TheWaterTowerBucketBoys,PilgimSong(Live@KEXP),2.09,2.54,Country,development,323,4.8182,1.4709,5.7273,1.5551,0.477275,0.5909125,0.1838625,0.1943875
324,324.mp3,JasonShaw,SERENITY,0.27,1.12,Country,development,324,3.3,1.767,4.7,1.4944,0.2875,0.4625,0.220875,0.1868
325,325.mp3,ChathamCountyLine,BirminghamJail,1.05,1.5,Country,development,325,5.5,1.8409,5.4,2.1705,0.5625,0.55,0.2301125,0.2713125
326,326.mp3,JasonShaw,THINGAMAJIG,0.36,1.21,Country,development,326,5.4,1.6465,7.2,1.3166,0.55,0.775,0.2058125,0.164575
327,327.mp3,BandanaSplits,RickyDee,0.46,1.31,Country,development,327,6,1.4142,7.1,1.3703,0.625,0.7625,0.176775,0.1712875
328,328.mp3,UCanUnlearnGuitar,Imna'Merican,4.15,5,Country,development,328,5.2,1.6865,4.2,2.201,0.525,0.4,0.2108125,0.275125
329,329.mp3,EdithFrost,CarsandParties,3.05,3.5,Country,development,329,3.3,2.406,4.2,2.3476,0.2875,0.4,0.30075,0.29345
330,330.mp3,VonnKrappFamily,LocoTwo,0.25,1.1,Country,development,330,5.9,2.4244,3.1,1.9692,0.6125,0.2625,0.30305,0.24615
332,332.mp3,JasonShaw,FUNKYJUNKY,0.3,1.15,Country,development,332,5.5,1.1785,6.9,0.8756,0.5625,0.7375,0.1473125,0.10945
333,333.mp3,TheeIrma&Louise,LiveattheWinston,2.09,2.54,Country,development,333,6.7,1.6364,6.1,1.792,0.7125,0.6375,0.20455,0.224
334,334.mp3,UniversalJubilaires,ChildhoodDays,2.01,2.46,Country,development,334,5.9,1.7288,5.9,2.0248,0.6125,0.6125,0.2161,0.2531
335,335.mp3,TrampledByTurtles,HelpYou(Live@KEXP),0.12,0.57,Country,development,335,6.8,1.5492,6.8,1.3984,0.725,0.725,0.19365,0.1748
336,336.mp3,TheShut-Ins,RocknRollMcDonald's,0.06,0.51,Country,evaluation,336,6.1,1.5951,6.6,1.5776,0.6375,0.7,0.1993875,0.1972
338,338.mp3,Bureaucratica,SouthernGothic,3.05,3.5,Country,development,338,3,0.8165,3.8,1.5492,0.25,0.35,0.1020625,0.19365
339,339.mp3,JasonShaw,ROCKYTOP,0.55,1.4,Country,development,339,5.9,1.6633,6.9,1.1972,0.6125,0.7375,0.2079125,0.14965
340,340.mp3,PeterCase,30DaysintheWorkhouse,0.16,1.01,Country,development,340,3.8,2.4855,4.6,2.0111,0.35,0.45,0.3106875,0.2513875
341,341.mp3,AudraKubat,Columbine,1.25,2.1,Country,development,341,3.8,1.8738,4.4,1.7764,0.35,0.425,0.234225,0.22205
342,342.mp3,JasonShaw,ACOUSTICMEDITATION,2.21,3.06,Country,development,342,4,2.1602,5.1,2.2336,0.375,0.5125,0.270025,0.2792
343,343.mp3,ChathamCountyLine,ClearBlueSky,0.25,1.1,Country,development,343,7,1.8257,8.1,0.8756,0.75,0.8875,0.2282125,0.10945
344,344.mp3,JasonShaw,ONEFINEDAY,0.24,1.09,Country,development,344,4.6,1.8379,5.2,1.6865,0.45,0.525,0.2297375,0.2108125
345,345.mp3,Stompin'RiffRaffs,YouShakeMe,0.1,0.55,Country,development,345,7.2,1.6193,6.5,1.9579,0.775,0.6875,0.2024125,0.2447375
346,346.mp3,JasonShaw,TENNESEEHAYRIDE,0.16,1.01,Country,development,346,6.7,1.0593,7.3,1.6364,0.7125,0.7875,0.1324125,0.20455
347,347.mp3,JohnnyBond,GoodbyeOldPaint,0,0.45,Country,development,347,3.8182,0.98165,5.8182,0.98165,0.352275,0.602275,0.12270625,0.12270625
348,348.mp3,AustinLeonardJones,IWishIWasAHeadlight,0.39,1.24,Country,development,348,5,1.633,5.7,1.8288,0.5,0.5875,0.204125,0.2286
349,349.mp3,JimLong,ThereWereSomeFamousArtists,1.12,1.57,Country,development,349,4.6,1.7764,5.8,1.9889,0.45,0.6,0.22205,0.2486125
350,350.mp3,JasonShaw,BACKTOTHEWOODS,0.12,0.57,Country,development,350,6,2,6.5,1.9003,0.625,0.6875,0.25,0.2375375
352,352.mp3,LucasGonze,TalkAboutSuffering,1.24,2.09,Country,development,352,5.5,1.4337,4.5,1.5092,0.5625,0.4375,0.1792125,0.18865
353,353.mp3,JohnnyBond,BirminghamJail,1.21,2.06,Country,development,353,4,2.0548,4.8,2.1499,0.375,0.475,0.25685,0.2687375
354,354.mp3,EricVilla,IfNotForYourSweetHeart,1.08,1.53,Country,development,354,7.1,0.99443,6.4,1.3499,0.7625,0.675,0.12430375,0.1687375
355,355.mp3,AlDuvall-StuckOnAHat,CheckGirl,0.17,1.02,Country,evaluation,355,5.1,1.912,6.5,1.2693,0.5125,0.6875,0.239,0.1586625
356,356.mp3,JasonShaw,SNAPPY,0.03,0.48,Country,development,356,4.6,1.9551,5.6,1.4298,0.45,0.575,0.2443875,0.178725
357,357.mp3,D.CharlesSpeer&theHelix,RedClayRoad,1.5,2.35,Country,development,357,4.8,1.4757,6.5,1.2693,0.475,0.6875,0.1844625,0.1586625
358,358.mp3,BillCrosson,LoveSongToLittleTrees,0.01,0.46,Country,development,358,5.6,1.5055,4.2,1.6865,0.575,0.4,0.1881875,0.2108125
359,359.mp3,Jahzzar,Bed,1.09,1.54,Country,development,359,2.5,1.1785,3.7,1.7029,0.1875,0.3375,0.1473125,0.2128625
360,360.mp3,JasonShaw,NICEANDEASY,2.09,2.54,Country,development,360,2.5,1.4337,5.5,1.6499,0.1875,0.5625,0.1792125,0.2062375
361,361.mp3,JasonShaw,AUTUMNSUNSET,0.26,1.11,Country,development,361,2.5455,1.3685,3.3636,1.6895,0.1931875,0.29545,0.1710625,0.2111875
362,362.mp3,JasonShaw,RIVERMEDITATION,0.48,1.33,Country,development,362,4,1.7638,5.9,0.8756,0.375,0.6125,0.220475,0.10945
364,364.mp3,JasonShaw,MOUNTAINSUN,1.39,2.24,Country,development,364,5.5,1.5092,6.5,1.1785,0.5625,0.6875,0.18865,0.1473125
365,365.mp3,ShakeThatLittleFoot,Waterbound,2.02,2.47,Country,development,365,6,1.633,7.1,0.8756,0.625,0.7625,0.204125,0.10945
366,366.mp3,GoldenBoys,DirtyFingernails,0.05,0.5,Country,evaluation,366,6.9,0.99443,6.1,1.3703,0.7375,0.6375,0.12430375,0.1712875
367,367.mp3,TiftMerritt,AfterToday,1.53,2.38,Country,evaluation,367,3.1,1.6633,2.7,0.67495,0.2625,0.2125,0.2079125,0.08436875
368,368.mp3,SpadeCooley&theWesternSwingDanceGangFeat.TexWilliams,BetterDoItNow,1.22,2.07,Country,development,368,4.8,1.9322,6.1,1.6633,0.475,0.6375,0.241525,0.2079125
369,369.mp3,Mr.&Mrs.Smith,Mr,0.09,0.54,Country,development,369,2.9,0.73786,3.4,0.84327,0.2375,0.3,0.0922325,0.10540875
370,370.mp3,TheTrumpeteers,LittleWoodenChurch,1.55,2.4,Country,development,370,3.8,1.9889,3.4,1.8974,0.35,0.3,0.2486125,0.237175
371,371.mp3,StapletonBrothers-CalloftheWhip-Poor,Will,1,1.45,Country,development,371,5.2,1.6865,6.6,1.075,0.525,0.7,0.2108125,0.134375
372,372.mp3,QQQ,RunawayPuppy,1.5,2.35,Country,development,372,3.6,1.2649,4.8,1.8135,0.325,0.475,0.1581125,0.2266875
374,374.mp3,TheCrevulators,Gambler'sBlues,2.05,2.5,Country,development,374,7,1.0541,4.9,1.1972,0.75,0.4875,0.1317625,0.14965
375,375.mp3,Mr.&Mrs.Smith,BitaBullet,0.37,1.22,Country,development,375,1.9,0.73786,2.8,1.7512,0.1125,0.225,0.0922325,0.2189
376,376.mp3,BrokeForFree,NightOwl,1.31,2.16,Electronic,development,376,5,1.5635,5.9,1.1972,0.5,0.6125,0.1954375,0.14965
378,378.mp3,GraphiqsGroove,DeepSkyBlue,2.49,3.34,Electronic,evaluation,378,5.5,1.9003,5.9,1.7288,0.5625,0.6125,0.2375375,0.2161
379,379.mp3,LJKruzer,ChantiersNavals412,0.42,1.27,Electronic,development,379,1.9,0.99443,2.9,1.1972,0.1125,0.2375,0.12430375,0.14965
380,380.mp3,Macaw,FiveMinutesattheRainforestCafe,0.57,1.42,Electronic,evaluation,380,5.6,1.3499,4.8,2.1499,0.575,0.475,0.1687375,0.2687375
381,381.mp3,HotFire-ThemNeverLoveNoBans,DnBMix(Germany),0.19,1.04,Electronic,development,381,6,1.7638,6.7,1.1595,0.625,0.7125,0.220475,0.1449375
383,383.mp3,NeurolepticTrio,Neuroleptictrioinstrumental5,2.34,3.19,Electronic,development,383,4.2,2.201,3.6,1.6465,0.4,0.325,0.275125,0.2058125
384,384.mp3,GhostHunter,WhirlwindDance,0.3,1.15,Electronic,evaluation,384,3.6,1.4298,4.1,1.6633,0.325,0.3875,0.178725,0.2079125
386,386.mp3,BrokeForFree,AsColorfulAsEver,0.43,1.28,Electronic,development,386,5,1.1547,5.5,1.8409,0.5,0.5625,0.1443375,0.2301125
387,387.mp3,Risey,MemoriesOfThailand(BeatDoctor's'stuckinBritain'remix),0.09,0.54,Electronic,development,387,6.2,2.3944,6.2,2.6583,0.65,0.65,0.2993,0.3322875
390,390.mp3,BeatCulture,Midori,1.4,2.25,Electronic,evaluation,390,5.7,1.0593,6.2,0.63246,0.5875,0.65,0.1324125,0.0790575
391,391.mp3,Morphamish,AnotherPosition(originalmix),2.31,3.16,Electronic,development,391,5.5,1.6499,6.1,0.99443,0.5625,0.6375,0.2062375,0.12430375
392,392.mp3,GhostlyDustMachine,OdeToABabySnowstorm,0.02,0.47,Electronic,development,392,3.4,1.7764,4.8,1.5492,0.3,0.475,0.22205,0.19365
393,393.mp3,MaxTundra,Lysine,0.22,1.07,Electronic,evaluation,393,6,0.8165,6.4,0.69921,0.625,0.675,0.1020625,0.08740125
395,395.mp3,Foniqz,Spectrum(SubdiffusionMix),2.01,2.46,Electronic,development,395,6.7,1.3375,6.2,1.4757,0.7125,0.65,0.1671875,0.1844625
397,397.mp3,LuckyDragons,Mercy,0.58,1.43,Electronic,development,397,7,1.3333,7,1.4142,0.75,0.75,0.1666625,0.176775
399,399.mp3,DexterBritain,WakingUp(Instrumental),2.32,3.17,Electronic,development,399,6.7,0.94868,7,1.0541,0.7125,0.75,0.118585,0.1317625
400,400.mp3,AsthmaticAstronaut,RunTheTape,1.22,2.07,Electronic,development,400,5.1,1.792,5.6,1.1738,0.5125,0.575,0.224,0.146725
401,401.mp3,BrokeForFree,SomethingElated,0,0.45,Electronic,development,401,5.5,1.5092,6.4,1.2649,0.5625,0.675,0.18865,0.1581125
402,402.mp3,PatrickLee,Quittin'Time,1.38,2.23,Electronic,development,402,7.1,1.1005,7.1,0.99443,0.7625,0.7625,0.1375625,0.12430375
403,403.mp3,Daddy_Scrabble,Flyingpeav,2.18,3.03,Electronic,development,403,5.1,1.7288,5.2,1.7512,0.5125,0.525,0.2161,0.2189
404,404.mp3,BrokeForFree,CalmTheFuckDown,0.03,0.48,Electronic,development,404,6.9,1.4491,6.8,1.3984,0.7375,0.725,0.1811375,0.1748
405,405.mp3,KevinMacLeod,Presenterator,0.16,1.01,Electronic,development,405,6.1,2.0248,7.4,0.96609,0.6375,0.8,0.2531,0.12076125
406,406.mp3,Smersh,MyGodThoseLegs,0.05,0.5,Electronic,development,406,5.3,2.2136,4.3,2.3118,0.5375,0.4125,0.2767,0.288975
407,407.mp3,DigiG'Alessio-ekitisonfeatvaleska,aprildeegeermx,1.39,2.24,Electronic,development,407,4.3,1.767,4.5,1.7159,0.4125,0.4375,0.220875,0.2144875
408,408.mp3,EeL,snowworldunderthewhitemoon,2.47,3.32,Electronic,development,408,6.6,2.5033,6.1,2.1318,0.7,0.6375,0.3129125,0.266475
410,410.mp3,ZeroV,Twinkling,0.06,0.51,Electronic,evaluation,410,3.8,2.0976,5.1,1.792,0.35,0.5125,0.2622,0.224
415,415.mp3,Phoniandflore,Dubsteady,0.25,1.1,Electronic,development,415,6,1.1547,5.2,1.9322,0.625,0.525,0.1443375,0.241525
416,416.mp3,Bitbasic,PleaseMindtheDubstep,0.21,1.06,Electronic,development,416,5.5,1.8409,5.2,1.6865,0.5625,0.525,0.2301125,0.2108125
419,419.mp3,Antiphon,overandunder,0.37,1.22,Electronic,evaluation,419,3.3,2.1108,4,1.4907,0.2875,0.375,0.26385,0.1863375
420,420.mp3,Casetofoane,90,1.07,1.52,Electronic,development,420,4.5,1.354,5.4,1.3499,0.4375,0.55,0.16925,0.1687375
422,422.mp3,LeeRosevere,MoonlightandRoses,1.27,2.12,Electronic,development,422,2.8,1.8135,3.7,2.5841,0.225,0.3375,0.2266875,0.3230125
423,423.mp3,GlassBoy,MyPrettyLookingClothes,3.5,4.35,Electronic,development,423,5.2,2.6162,4.5,2.4152,0.525,0.4375,0.327025,0.3019
425,425.mp3,Decktonic,Stars,1.53,2.38,Electronic,evaluation,425,7.1,0.73786,6.8,0.91894,0.7625,0.725,0.0922325,0.1148675
426,426.mp3,Asura,WhisperingThrough,0.12,0.57,Electronic,development,426,5.3,1.767,5.3,1.4944,0.5375,0.5375,0.220875,0.1868
427,427.mp3,Tours,Enthusiast,1.3,2.15,Electronic,evaluation,427,5.2,1.5492,5.8,0.78881,0.525,0.6,0.19365,0.09860125
428,428.mp3,RevolutionVoid,HowExciting,1.43,2.28,Electronic,development,428,6.6,1.075,6.6,0.96609,0.7,0.7,0.134375,0.12076125
429,429.mp3,ChrisZabriskie,Divider,1.49,2.34,Electronic,development,429,3.3,1.1595,4.3,2.0028,0.2875,0.4125,0.1449375,0.25035
430,430.mp3,VitusVonDegen,BlackGloves,0.57,1.42,Electronic,development,430,4,2.357,2.9,1.1005,0.375,0.2375,0.294625,0.1375625
431,431.mp3,DubTerminator,Dubsteps,3.37,4.22,Electronic,development,431,6.1,1.8529,5.5,2.0138,0.6375,0.5625,0.2316125,0.251725
432,432.mp3,Pierlo,Barbarian,0.57,1.42,Electronic,evaluation,432,5.3,2.1108,5.3,1.767,0.5375,0.5375,0.26385,0.220875
435,435.mp3,BrokeForFree,WarmUpSuit,3.29,4.14,Electronic,development,435,4.5,1.8409,5.9,1.5951,0.4375,0.6125,0.2301125,0.1993875
436,436.mp3,DigiG'Alessio,rawinstrumentalpt,1.31,2.16,Electronic,evaluation,436,4.3,2.1108,5.2,1.9322,0.4125,0.525,0.26385,0.241525
437,437.mp3,PsychadelikPedestrian,NightBeach,1.57,2.42,Electronic,development,437,5.2,1.9322,4.3,2.2136,0.525,0.4125,0.241525,0.2767
440,440.mp3,ImmortalBeats,OhWee,0.17,1.02,Electronic,development,440,5.3,2.2632,6.3,1.8288,0.5375,0.6625,0.2829,0.2286
441,441.mp3,M.W.D.,SingingForest,3.48,4.33,Electronic,development,441,4.6,1.7764,5.1,1.5951,0.45,0.5125,0.22205,0.1993875
442,442.mp3,Volfoniq-Memori[AmentuSegretu,ArrogallaremixfeatAndreaCongia],1.36,2.21,Electronic,development,442,4.1,1.9692,4.5,1.6499,0.3875,0.4375,0.24615,0.2062375
444,444.mp3,AugustusBro&GallerySix,PeopleLivingAndLeavingBigCitys,3.09,3.54,Electronic,development,444,2.3,1.1595,2.5,1.2693,0.1625,0.1875,0.1449375,0.1586625
445,445.mp3,Bacalao,CasualGraphicDesigner,0.02,0.47,Electronic,development,445,2.4,1.075,4.6,1.7127,0.175,0.45,0.134375,0.2140875
448,448.mp3,Anitek,Destination,0.43,1.28,Electronic,development,448,6.5556,2.1279,6.3333,2.1213,0.69445,0.6666625,0.2659875,0.2651625
449,449.mp3,Orbique,simple,1.08,1.53,Electronic,development,449,3.6,2.1705,3.8,1.9322,0.325,0.35,0.2713125,0.241525
450,450.mp3,Ghosts,GriefAndSleep,3.49,4.34,Electronic,development,450,4.1,2.1318,5,1.8257,0.3875,0.5,0.266475,0.2282125
451,451.mp3,ThickBusiness,SmoothestRunes,3.57,4.42,Electronic,development,451,4.9,1.3703,4.4,1.8974,0.4875,0.425,0.1712875,0.237175
452,452.mp3,YACHT-Shangri,La(instrumental),0.34,1.19,Electronic,development,452,5.6,1.6465,6.8,0.91894,0.575,0.725,0.2058125,0.1148675
453,453.mp3,BrokeForFree,OnlyInstrumental,0.2,1.05,Electronic,development,453,4.6,1.8974,5.6,1.2649,0.45,0.575,0.237175,0.1581125
454,454.mp3,Wake,Steppin,0.51,1.36,Electronic,development,454,5,2.582,4.8,1.5492,0.5,0.475,0.32275,0.19365
455,455.mp3,MusicForYourPlants,ExpeditionChantCup,1.38,2.23,Electronic,evaluation,455,5.4,1.8379,5.7,1.2517,0.55,0.5875,0.2297375,0.1564625
456,456.mp3,Stickfigure,CrackinTime,0.02,0.47,Electronic,development,456,6.1,2.846,2.3,1.3375,0.6375,0.1625,0.35575,0.1671875
458,458.mp3,NamelessDancers,NightFly,1.41,2.26,Electronic,evaluation,458,3.4,1.7764,5,1.8856,0.3,0.5,0.22205,0.2357
459,459.mp3,Mutherpluckin'B,CryinintheDeltaWind,0.27,1.12,Electronic,development,459,6.3,0.82327,6.1,1.2867,0.6625,0.6375,0.10290875,0.1608375
460,460.mp3,FlexVector,InnerDemon,4.28,5.13,Electronic,development,460,3.8,2.201,3.8,1.8135,0.35,0.35,0.275125,0.2266875
461,461.mp3,SycamoreDrive,OceanBreeze,0.03,0.48,Electronic,development,461,4.8,1.4757,4.4,1.6465,0.475,0.425,0.1844625,0.2058125
462,462.mp3,Morsa-EroticPost,Ironic(feat,3.28,4.13,Electronic,evaluation,462,5.8,1.7512,4.6,2.1705,0.6,0.45,0.2189,0.2713125
463,463.mp3,Lomovolokno,OverlayStar,2.1,2.55,Electronic,development,463,5,2.1602,5.7,1.767,0.5,0.5875,0.270025,0.220875
464,464.mp3,Plurabelle,Ropes,0.3,1.15,Electronic,development,464,5.1,1.2867,5.6,1.5776,0.5125,0.575,0.1608375,0.1972
466,466.mp3,Fanas,Foreverfallingup,1.43,2.28,Electronic,development,466,6.6,1.6465,5.9,1.2867,0.7,0.6125,0.2058125,0.1608375
467,467.mp3,PeterSharp,Runtimeerror,0.15,1,Electronic,development,467,5.7,2.3118,6.8,1.2293,0.5875,0.725,0.288975,0.1536625
468,468.mp3,ZeroV,Hiss,1.44,2.29,Electronic,development,468,3.6,1.7127,3.4,2.2706,0.325,0.3,0.2140875,0.283825
469,469.mp3,BrokeForFree,KnockKnock,1.39,2.24,Electronic,development,469,5.1,1.6633,5.3,0.94868,0.5125,0.5375,0.2079125,0.118585
472,472.mp3,ListenWithSarah,I,1.21,2.06,Electronic,development,472,6.5,2.2236,5.2,1.6193,0.6875,0.525,0.27795,0.2024125
473,473.mp3,Illocanblo,SmurfPulser,2.32,3.17,Electronic,development,473,7.1,1.2867,5.5,2.3214,0.7625,0.5625,0.1608375,0.290175
475,475.mp3,Morphamish+MAKO,Ooo,3.44,4.29,Electronic,evaluation,475,5.6,2.1187,5,2.1082,0.575,0.5,0.2648375,0.263525
477,477.mp3,Decktonic,NightDrive,2.14,2.59,Electronic,development,477,7.1,1.5951,7.2,1.2293,0.7625,0.775,0.1993875,0.1536625
478,478.mp3,ZeroV,Initiation,0.04,0.49,Electronic,development,478,2.8,1.2293,3.2,1.1353,0.225,0.275,0.1536625,0.1419125
479,479.mp3,Jiony,NotFound(Invisible),2.27,3.12,Electronic,development,479,4.5,1.9003,5.7,0.94868,0.4375,0.5875,0.2375375,0.118585
480,480.mp3,LeeRosevere-ChapterSeven-Re,entry,3.23,4.08,Electronic,development,480,2.7,1.7029,4.1,1.1972,0.2125,0.3875,0.2128625,0.14965
481,481.mp3,DexterBritain,SeeingTheFuture,0.09,0.54,Electronic,development,481,3.4,1.6465,4.7,2.0575,0.3,0.4625,0.2058125,0.2571875
482,482.mp3,JulianWinter,LA,0.29,1.14,Electronic,development,482,1.9,0.73786,3.5,2.3214,0.1125,0.3125,0.0922325,0.290175
484,484.mp3,BeatDoctor,GotMe(clubmix),0.13,0.58,Electronic,development,484,6.4,1.3499,6.5,1.354,0.675,0.6875,0.1687375,0.16925
485,485.mp3,PsychadelikPedestrian,CoralReef,3.55,4.4,Electronic,development,485,2.6,0.96609,3.7,1.4944,0.2,0.3375,0.12076125,0.1868
486,486.mp3,Pulselooper,Neurociencia,4.47,5.32,Electronic,development,486,6.2,1.9322,5.7,1.7029,0.65,0.5875,0.241525,0.2128625
487,487.mp3,Foniqz,D2,4.05,4.5,Electronic,development,487,4.5,1.6499,5.3,1.2517,0.4375,0.5375,0.2062375,0.1564625
488,488.mp3,BlearMoon,ColdSummerLandscape,4.12,4.57,Electronic,development,488,1.6,0.84327,3.4,1.3499,0.075,0.3,0.10540875,0.1687375
489,489.mp3,TheProtagonist!,PinkFuzz!,2.31,3.16,Electronic,development,489,4.6,1.8379,5.2,1.8738,0.45,0.525,0.2297375,0.234225
490,490.mp3,ApesonTapes,Chico(TheWayOut),0.12,0.57,Electronic,development,490,3.9,1.5951,3.7,1.767,0.3625,0.3375,0.1993875,0.220875
492,492.mp3,M-PeX,Beryllos,2.33,3.18,Electronic,development,492,4.4,2.0111,4.8,1.8135,0.425,0.475,0.2513875,0.2266875
493,493.mp3,GeneralFuzz,summer,1.41,2.26,Electronic,development,493,3.7,1.6364,4.9,1.1972,0.3375,0.4875,0.20455,0.14965
494,494.mp3,Deltason,GardenTheme,0.01,0.46,Electronic,development,494,3.7,1.7029,4.1,1.792,0.3375,0.3875,0.2128625,0.224
496,496.mp3,Adubter,OutroDub,2.12,2.57,Electronic,development,496,4.7,2.2632,5.9,1.912,0.4625,0.6125,0.2829,0.239
497,497.mp3,FlexVector,TheBeatGoesOn,5.24,6.09,Electronic,development,497,6.2,1.6193,5.7,2.3594,0.65,0.5875,0.2024125,0.294925
498,498.mp3,AlteredCarbon,Drown,0.52,1.37,Electronic,development,498,2.9,1.9692,2.8,1.5492,0.2375,0.225,0.24615,0.19365
499,499.mp3,Isle,Bayview,0.38,1.23,Electronic,evaluation,499,3.6,1.6465,3.6,1.6465,0.325,0.325,0.2058125,0.2058125
500,500.mp3,MusicForYourPlants,القذافيالأمازونالحرس,2.09,2.54,Electronic,development,500,6,1.8856,5.2,1.7512,0.625,0.525,0.2357,0.2189
501,501.mp3,Possimiste,BehindTheSeas,0.2,1.05,Folk,development,501,2.5,1.1785,4.4,0.96609,0.1875,0.425,0.1473125,0.12076125
502,502.mp3,TheRopeRiverBluesBand,Capulet,0.15,1,Folk,development,502,4.8,1.8738,4.6,1.7127,0.475,0.45,0.234225,0.2140875
503,503.mp3,Plushgoolash,BigGayWaterFight,1.25,2.1,Folk,development,503,5.8,1.7512,6.4,1.075,0.6,0.675,0.2189,0.134375
504,504.mp3,SamShalabi,Rebetikaud,2.31,3.16,Folk,development,504,4.8,0.91894,4,0.8165,0.475,0.375,0.1148675,0.1020625
506,506.mp3,Keshco,LikeHome,1.2,2.05,Folk,development,506,2.9,0.99443,4.1,1.4491,0.2375,0.3875,0.12430375,0.1811375
507,507.mp3,Caligine,MεΠιάνουνεΖαλάδες,7.21,8.06,Folk,development,507,4.9,1.1972,4.8,1.2293,0.4875,0.475,0.14965,0.1536625
512,512.mp3,CostaandNero,Rast'eTouTeke,1,1.45,Folk,development,512,5.1,1.792,5.4,2.0111,0.5125,0.55,0.224,0.2513875
513,513.mp3,ChanWaiFat,Dream(instrumental),0.2,1.05,Folk,development,513,3.1,1.7288,4.2,1.5492,0.2625,0.4,0.2161,0.19365
514,514.mp3,JasonShaw,SIDEWALK,1,1.45,Folk,development,514,4.3,1.9465,5.8,1.9889,0.4125,0.6,0.2433125,0.2486125
515,515.mp3,PlanktonWat,HashSmugglersBlues,0.44,1.29,Folk,development,515,3.8,1.4757,3.4,1.2649,0.35,0.3,0.1844625,0.1581125
518,518.mp3,FreePieceofTape,BurningSchool,4.05,4.5,Folk,development,518,4.1,1.792,3.4,1.1738,0.3875,0.3,0.224,0.146725
519,519.mp3,MorusAlba,MDMA(Pt,1.32,2.17,Folk,development,519,6.8,1.9322,5.3,1.8886,0.725,0.5375,0.241525,0.236075
520,520.mp3,Moore&Sons,BrokenSpell,0.44,1.29,Folk,development,520,4,1.633,5.5,1.4337,0.375,0.5625,0.204125,0.1792125
521,521.mp3,BlackTwigPickersandSteveGunn,OldStrange,1.54,2.39,Folk,evaluation,521,3.8,1.6193,4.6,2.1705,0.35,0.45,0.2024125,0.2713125
522,522.mp3,MikeCooper&VivCorringham,NewRembetika14,0.56,1.41,Folk,development,522,3.5,2.2236,2.7,0.94868,0.3125,0.2125,0.27795,0.118585
523,523.mp3,TheUpsidedown-E,Love,1.52,2.37,Folk,development,523,5.1,1.792,5.9,1.9692,0.5125,0.6125,0.224,0.24615
524,524.mp3,Nettle,BlackEyes,0.18,1.03,Folk,development,524,3.3,1.3375,4,1.1547,0.2875,0.375,0.1671875,0.1443375
525,525.mp3,Cooper-Moore,(h)BanjoArbaMinchGarden,1.23,2.08,Folk,development,525,4.3,1.6364,4.8,2.0976,0.4125,0.475,0.20455,0.2622
527,527.mp3,MichaelChapman&TheWoodpiles,AStranger'sMapofTexas,0.16,1.01,Folk,development,527,4,1.7638,5.7,2.0575,0.375,0.5875,0.220475,0.2571875
529,529.mp3,HiiragiFukuda,TVDinner,0.51,1.36,Folk,evaluation,529,4.7,1.6364,5.8,1.2293,0.4625,0.6,0.20455,0.1536625
530,530.mp3,TheNewMystikalTroubadours,TheTropicalLoungePrayerDirectory,0.47,1.32,Folk,development,530,3.3,1.4944,3.5,1.6499,0.2875,0.3125,0.1868,0.2062375
535,535.mp3,BlackTwigPickersandSteveGunn,SallyintheGardenSiftingSand,2.44,3.29,Folk,development,535,6.1,2.1318,6.5,1.7795,0.6375,0.6875,0.266475,0.2224375
536,536.mp3,StevenArntson,Don'tYouWanttoGotoHeavenUncleSam,1.23,2.08,Folk,development,536,5.1,1.4491,4.5,0.84984,0.5125,0.4375,0.1811375,0.10623
537,537.mp3,AstralSocialClub,EfoumernamEnaVradi,3.12,3.57,Folk,development,537,5,2.582,2.6,1.8974,0.5,0.2,0.32275,0.237175
540,540.mp3,SteveGunn,Trouba,2.51,3.36,Folk,development,540,4.1,1.9692,4.4,1.5776,0.3875,0.425,0.24615,0.1972
544,544.mp3,Rho,DayIntoNight,5.2,6.05,Folk,evaluation,544,4.8,2.2509,4.5,1.8409,0.475,0.4375,0.2813625,0.2301125
547,547.mp3,Mr.&Mrs.Smith,It'sallright,0.12,0.57,Folk,development,547,3.4,1.9551,4.8,2.201,0.3,0.475,0.2443875,0.275125
550,550.mp3,MichaelChapman&TheWoodpiles,Titanic,0.06,0.51,Folk,development,550,4.2,1.8738,5.9,1.9692,0.4,0.6125,0.234225,0.24615
551,551.mp3,Moore&Sons,HarmlessBlues,0.1,0.55,Folk,development,551,3.2,1.5492,4,1.4907,0.275,0.375,0.19365,0.1863375
554,554.mp3,Paneye,WaveGraves,0.35,1.2,Folk,development,554,2.8,2.3944,5,2.4944,0.225,0.5,0.2993,0.3118
555,555.mp3,TheAgrarians,ViewsofTheHoly&Divine,0.3,1.15,Folk,development,555,5.2,1.6865,4.8,1.7512,0.525,0.475,0.2108125,0.2189
556,556.mp3,StevenArntson,LifeontheOdysseanWave,1.09,1.54,Folk,evaluation,556,5.6,2.1705,6.1,1.7288,0.575,0.6375,0.2713125,0.2161
558,558.mp3,MyBubba&Mi,GoodNightHeart,0.14,0.59,Folk,development,558,2.8,1.9322,3.2,1.7512,0.225,0.275,0.241525,0.2189
560,560.mp3,Jahzzar,Vanlig,1.25,2.1,Folk,development,560,2.9,1.2867,4.6,1.7127,0.2375,0.45,0.1608375,0.2140875
561,561.mp3,LaMinor,LaMinorLiveatPacificParcVol,1.08,1.53,Folk,evaluation,561,6.9,0.73786,7,0.94281,0.7375,0.75,0.0922325,0.11785125
564,564.mp3,FitandtheConniptions,SolemnGround,0.21,1.06,Folk,development,564,4.7,1.767,4.9,1.7288,0.4625,0.4875,0.220875,0.2161
565,565.mp3,AmenDunes,SoustaPolitiki,0.46,1.31,Folk,development,565,3.1,1.5951,3,1.0541,0.2625,0.25,0.1993875,0.1317625
568,568.mp3,UCanUnlearnGuitar,TheIncredibleInfectionofUnintendedInvection,5.38,6.23,Folk,development,568,5.4,1.5776,3.1,1.4491,0.55,0.2625,0.1972,0.1811375
574,574.mp3,KevinMacLeod,Cattails,0.37,1.22,Folk,development,574,4.5,2.1731,4.8,2.044,0.4375,0.475,0.2716375,0.2555
577,577.mp3,Jahzzar,Lookinside,0.08,0.53,Folk,development,577,5.6,1.6465,5.5,1.354,0.575,0.5625,0.2058125,0.16925
579,579.mp3,red_robin,TheSurveyor,0.57,1.42,Folk,development,579,3.1,2.0248,3.2,1.3984,0.2625,0.275,0.2531,0.1748
580,580.mp3,CianNugent,GrassAboveMyHead,0.06,0.51,Folk,development,580,2.4,1.075,4.4,1.3499,0.175,0.425,0.134375,0.1687375
581,581.mp3,AtlasSound,MonaLisa,1.48,2.33,Folk,development,581,5.3,1.2517,6,1.0541,0.5375,0.625,0.1564625,0.1317625
582,582.mp3,JasonShaw,12MORNINGS,1.3,2.15,Folk,evaluation,582,3.1,1.4491,4.9,1.7288,0.2625,0.4875,0.1811375,0.2161
584,584.mp3,Ignatz,StinYpoga,0.31,1.16,Folk,evaluation,584,2.5,1.1785,2.4,0.84327,0.1875,0.175,0.1473125,0.10540875
585,585.mp3,YairYona,TheBrightNewYear(ByBertJansch),0.16,1.01,Folk,development,585,4,1.4907,4.2,1.7512,0.375,0.4,0.1863375,0.2189
586,586.mp3,GregGibbs,Hemoglobin(LiveattheTonicRoom),0.23,1.08,Folk,development,586,5.2,1.4757,5.9,0.73786,0.525,0.6125,0.1844625,0.0922325
591,591.mp3,TheSonsOfThePioneers,WhoopeeTiYiYo,0.18,1.03,Folk,development,591,5.7,1.767,6.2,2.201,0.5875,0.65,0.220875,0.275125
592,592.mp3,Pietnastka,TapeEater,3.4,4.25,Folk,development,592,5.4545,1.1282,5.0909,2.2115,0.5568125,0.5113625,0.141025,0.2764375
594,594.mp3,ChanWaiFat,DiHeiHei(sungbyPoSunYi),1.47,2.32,Folk,evaluation,594,4.2,1.9322,3.1,1.5951,0.4,0.2625,0.241525,0.1993875
597,597.mp3,Keshco,Wafternoon,0.25,1.1,Folk,development,597,4.8,1.8738,6.4,0.84327,0.475,0.675,0.234225,0.10540875
598,598.mp3,Jahzzar,Joke,0.1,0.55,Folk,development,598,4,1.6997,5.6,1.075,0.375,0.575,0.2124625,0.134375
600,600.mp3,JoeMazzola,32Ford,1.26,2.11,Folk,development,600,3.5,1.9003,4,2.2111,0.3125,0.375,0.2375375,0.2763875
605,605.mp3,TheSimpleCarnival,Flirt,1.07,1.52,Folk,development,605,4.4,1.8379,6,1.633,0.425,0.625,0.2297375,0.204125
606,606.mp3,Jahzzar,IceCream,1.02,1.47,Folk,development,606,4.1,1.8529,5.6,1.5776,0.3875,0.575,0.2316125,0.1972
607,607.mp3,JamesBlackshaw,PastHasNotPassed,3.31,4.16,Folk,development,607,4.4,1.8379,6.1,1.3703,0.425,0.6375,0.2297375,0.1712875
608,608.mp3,DanielPadden,AdinatisaOKaymenos,0.11,0.56,Folk,development,608,2.9,1.7288,3.8,1.9889,0.2375,0.35,0.2161,0.2486125
609,609.mp3,M-PeX,Eter,3.13,3.58,Folk,development,609,4.9,2.1318,5.5,1.6499,0.4875,0.5625,0.266475,0.2062375
610,610.mp3,Jahzzar,Shine,0.1,0.55,Folk,development,610,6.3,1.4181,6.5,1.8409,0.6625,0.6875,0.1772625,0.2301125
611,611.mp3,Jahzzar,CarCrash,1.12,1.57,Folk,development,611,5.1,1.6633,4.8,1.8135,0.5125,0.475,0.2079125,0.2266875
612,612.mp3,BlackTwigPickers,WildHorseofStonyPoint,1.39,2.24,Folk,development,612,5.6,1.2649,6.6,0.5164,0.575,0.7,0.1581125,0.06455
613,613.mp3,Jahzzar,Goingto,0.58,1.43,Folk,development,613,5.2,2.2998,6.8,1.4757,0.525,0.725,0.287475,0.1844625
614,614.mp3,JoshWoodward,IWantToDestroySomethingBeautiful,0.53,1.38,Folk,development,614,4.3,1.567,3.7,1.4181,0.4125,0.3375,0.195875,0.1772625
615,615.mp3,Moore&Sons,Talking,1.34,2.19,Folk,development,615,3.2,1.8135,5,0.8165,0.275,0.5,0.2266875,0.1020625
616,616.mp3,GregGibbs,HotKettleandaLonelyGun,0.14,0.59,Folk,development,616,3.5,1.5092,5,1.2472,0.3125,0.5,0.18865,0.1559
617,617.mp3,ThePeachTree,ACleanSlate,2.04,2.49,Folk,development,617,6.5,1.7795,3,1.4142,0.6875,0.25,0.2224375,0.176775
620,620.mp3,M-PeX,Aqua,3.26,4.11,Folk,development,620,5.8,1.3166,4.4,1.6465,0.6,0.425,0.164575,0.2058125
621,621.mp3,CarterThornton,TheBlenderisNotBuiltForThat,3.19,4.04,Folk,development,621,2.9,1.2867,4.4,1.1738,0.2375,0.425,0.1608375,0.146725
622,622.mp3,GregGibbs,Zoo,1.1,1.55,Folk,evaluation,622,4.5,2.2236,5,1.8856,0.4375,0.5,0.27795,0.2357
623,623.mp3,Jahzzar,Anniversary,0.5,1.35,Folk,development,623,3.8,1.7512,5.9,1.6633,0.35,0.6125,0.2189,0.2079125
625,625.mp3,Moore&Sons,NightAhead,0.1,0.55,Folk,development,625,3.1,1.5239,4.4,1.2649,0.2625,0.425,0.1904875,0.1581125
628,628.mp3,LatchéSwing,Hungaria,0.41,1.26,Jazz,development,628,4.9,2.1833,6.8,1.7512,0.4875,0.725,0.2729125,0.2189
629,629.mp3,Goto80andtheUweSchenkBand,VolksingFerretismico,1.3,2.15,Jazz,development,629,7.4,0.96609,7.6,0.84327,0.8,0.825,0.12076125,0.10540875
631,631.mp3,WWIII,Lansdowne,0.06,0.51,Jazz,development,631,7.6,1.5776,3.1,2.4698,0.825,0.2625,0.1972,0.308725
632,632.mp3,Northbound,Forward,3.44,4.29,Jazz,development,632,4.2,2.201,5.4,1.8974,0.4,0.55,0.275125,0.237175
634,634.mp3,QuantumJazz,IfICan'tDanceIt'sNotMyRevolution,2.35,3.2,Jazz,development,634,4.7,2.4518,5.8,1.6193,0.4625,0.6,0.306475,0.2024125
635,635.mp3,RatCityBrass,TheThirdManTheme(Live@KEXP),1.05,1.5,Jazz,development,635,6.6,0.96609,7.6,1.075,0.7,0.825,0.12076125,0.134375
637,637.mp3,EvgenyGrinko,ItsmellslikeChamomileTea,1.11,1.56,Jazz,development,637,2.2,0.91894,3.6,2.0656,0.15,0.325,0.1148675,0.2582
638,638.mp3,EvgenyGrinko,WinterSunshine,0.06,0.51,Jazz,development,638,3.2,1.5492,4.4,1.7127,0.275,0.425,0.19365,0.2140875
639,639.mp3,ZeroV,IndianSummer,0.4,1.25,Jazz,development,639,6.1,0.99443,6.3,1.1595,0.6375,0.6625,0.12430375,0.1449375
640,640.mp3,LosSundayers,¡QuéPaciencia!,0.31,1.16,Jazz,development,640,7.6,0.84327,7.8,0.78881,0.825,0.85,0.10540875,0.09860125
643,643.mp3,Goto80andtheUweSchenkBand,ThrillerIller,3.13,3.58,Jazz,development,643,3.5,1.1785,4.2,1.8135,0.3125,0.4,0.1473125,0.2266875
644,644.mp3,AntonyRaijekov,BytheCoast(2004),0.31,1.16,Jazz,development,644,4.3,1.7029,5.6,2.0656,0.4125,0.575,0.2128625,0.2582
645,645.mp3,CosmicAnalogEnsemble,MutatisMutandis,0.43,1.28,Jazz,evaluation,645,4.6,2.0111,5.7,1.767,0.45,0.5875,0.2513875,0.220875
646,646.mp3,KevinMacLeod,BackedVibesClean,1,1.45,Jazz,development,646,3.1,1.3703,3.8,1.4757,0.2625,0.35,0.1712875,0.1844625
647,647.mp3,RevolutionVoid,ScatteredKnowledge,0.23,1.08,Jazz,evaluation,647,3,1.0541,5.8,0.91894,0.25,0.6,0.1317625,0.1148675
648,648.mp3,LatchéSwing,Swing39,0.12,0.57,Jazz,development,648,5.1,2.1833,6.8,1.6193,0.5125,0.725,0.2729125,0.2024125
649,649.mp3,Nature,IRememberYou,2.08,2.53,Jazz,development,649,6.2,1.0328,6.7,0.67495,0.65,0.7125,0.1291,0.08436875
650,650.mp3,IdoBukelman,CityTail,5.03,5.48,Jazz,development,650,6,1.0541,4.2,1.7512,0.625,0.4,0.1317625,0.2189
651,651.mp3,TheUnderscoreOrkestra,BalancingAct,2.46,3.31,Jazz,development,651,6.4,1.075,7.1,0.73786,0.675,0.7625,0.134375,0.0922325
652,652.mp3,ZeroV,Don'tRush,3.02,3.47,Jazz,development,652,2.7778,1.3017,4.1111,1.6915,0.222225,0.3888875,0.1627125,0.2114375
653,653.mp3,Kriss,JazzClub,4.27,5.12,Jazz,development,653,5.3,2.1108,6.5,1.0801,0.5375,0.6875,0.26385,0.1350125
654,654.mp3,DizzyBanjo-JazzyMacys(disquiet0038,asrealasitgets2),0.17,1.02,Jazz,development,654,5.1,1.912,4.4,1.7764,0.5125,0.425,0.239,0.22205
656,656.mp3,StephanSiebert,when,0.55,1.4,Jazz,development,656,2.6,1.1738,4.1,1.5239,0.2,0.3875,0.146725,0.1904875
657,657.mp3,Goto80andtheUweSchenkBand,PonkyFonkyFerret,1.32,2.17,Jazz,development,657,5.1,0.99443,5.6,0.84327,0.5125,0.575,0.12430375,0.10540875
658,658.mp3,KevinMacLeod,AcidJazz,2.34,3.19,Jazz,development,658,4.4,1.6465,5.7,1.3375,0.425,0.5875,0.2058125,0.1671875
660,660.mp3,Daddy_Scrabble,05CherryBlossom,1.24,2.09,Jazz,development,660,2.1,1.1972,2.8,1.4757,0.1375,0.225,0.14965,0.1844625
661,661.mp3,Oaxacan,Are,0.06,0.51,Jazz,development,661,2.2,1.8135,2.8,1.7512,0.15,0.225,0.2266875,0.2189
662,662.mp3,LatchéSwing,RythmeGitan,3.32,4.17,Jazz,development,662,5.9,1.2867,5.1,2.2336,0.6125,0.5125,0.1608375,0.2792
663,663.mp3,Spartak,RailStarMode,0.42,1.27,Jazz,development,663,3.3,1.8886,4.3,1.567,0.2875,0.4125,0.236075,0.195875
664,664.mp3,Goto80andtheUweSchenkBand,CableSwingin'Ferret,4.58,5.43,Jazz,development,664,7,1.0541,6.6,1.5055,0.75,0.7,0.1317625,0.1881875
665,665.mp3,LatchéSwing,SweetGeorgiaBrown,0.49,1.34,Jazz,evaluation,665,5.7,1.8288,6.2,1.6865,0.5875,0.65,0.2286,0.2108125
666,666.mp3,DigitalPrimitives,Crackle&Pop,1.51,2.36,Jazz,development,666,5.3,1.4944,5,2,0.5375,0.5,0.1868,0.25
667,667.mp3,CaravanofThieves,ICan'tBehave,1.06,1.51,Jazz,evaluation,667,4.2,1.4757,4.9,1.2867,0.4,0.4875,0.1844625,0.1608375
668,668.mp3,Daddy_Scrabble,LordDaMercy,1.26,2.11,Jazz,evaluation,668,5,1.633,5.3,1.7029,0.5,0.5375,0.204125,0.2128625
671,671.mp3,LatchéSwing,Menilmontant,0.13,0.58,Jazz,development,671,3.1,1.5951,3.7,1.6364,0.2625,0.3375,0.1993875,0.20455
672,672.mp3,KevinMacLeod,VibeAce,0.11,0.56,Jazz,development,672,4.4,2.4585,6.3,1.8288,0.425,0.6625,0.3073125,0.2286
673,673.mp3,LosSundayers,MirandoHaciaAtrás,0.57,1.42,Jazz,development,673,6.6,1.3499,6.7,1.4181,0.7,0.7125,0.1687375,0.1772625
674,674.mp3,LatchéSwing,SongeD'Automne,1.3,2.15,Jazz,development,674,6.8,1.3984,7.4,1.4298,0.725,0.8,0.1748,0.178725
675,675.mp3,Merkel&Fritzemeier,Meetin'&Movin',1.37,2.22,Jazz,development,675,5.1,1.5239,5.8,1.3166,0.5125,0.6,0.1904875,0.164575
676,676.mp3,TheUnderscoreOrkestra,ChosenKaleMazelTov,2.35,3.2,Jazz,development,676,6.6,2.5033,6.6,2.5033,0.7,0.7,0.3129125,0.3129125
677,677.mp3,NeurolepticTrio,Neuroleptictrioinstrumental6,0.47,1.32,Jazz,development,677,6.5,2.0138,5.3,1.8886,0.6875,0.5375,0.251725,0.236075
681,681.mp3,TheUnderscoreOrkestra,DevilwiththeDevil,0.25,1.1,Jazz,development,681,4.9,2.2336,6.6,1.8379,0.4875,0.7,0.2792,0.2297375
682,682.mp3,Nature,Resonance,2.13,2.58,Jazz,development,682,4.8,1.3984,6,0.8165,0.475,0.625,0.1748,0.1020625
684,684.mp3,Rushus,magicoffog,1.55,2.4,Jazz,evaluation,684,4.3,1.7029,4.9,1.5239,0.4125,0.4875,0.2128625,0.1904875
685,685.mp3,Curha,George,2.09,2.54,Jazz,development,685,4.5,2.1213,3.6,2.1187,0.4375,0.325,0.2651625,0.2648375
686,686.mp3,SergiBoal,isthereanybodyoutthere,2.18,3.03,Jazz,development,686,3.4,1.6465,5.5,1.5092,0.3,0.5625,0.2058125,0.18865
687,687.mp3,TheUnderscoreOrkestra,BalancingActChosenKaleMazelTov,2.15,3,Jazz,evaluation,687,7.3,1.1595,7.4,0.96609,0.7875,0.8,0.1449375,0.12076125
688,688.mp3,LeeMaddeford,IrresistibleYvette(withLesGauchersQuintet),1.46,2.31,Jazz,development,688,4.3,1.4944,5,1.6997,0.4125,0.5,0.1868,0.2124625
689,689.mp3,AntonyRaijekov-Ambient,M(2003),0.02,0.47,Jazz,development,689,3.8,1.7512,4.6,1.5055,0.35,0.45,0.2189,0.1881875
690,690.mp3,AnnAlee,InfantHolyInfantLowly,0.02,0.47,Jazz,development,690,2.4,2.1187,4.4,2.1705,0.175,0.425,0.2648375,0.2713125
691,691.mp3,Nature,HardTimeKillingFloorBlues,0.48,1.33,Jazz,evaluation,691,5,1.6997,3.7,1.3375,0.5,0.3375,0.2124625,0.1671875
692,692.mp3,BreussArrizabalagaQuintet-Nfamoudou,Boudougou,2.05,2.5,Jazz,development,692,6.9,1.4491,6.1,1.792,0.7375,0.6375,0.1811375,0.224
693,693.mp3,MysticMorrisonVisions,Impressive,1.26,2.11,Jazz,development,693,6.2,1.6865,5.3,2.0575,0.65,0.5375,0.2108125,0.2571875
695,695.mp3,SunnyJain'sRedBaraatFestival,Track6,6.37,7.22,Jazz,development,695,5.9,1.6633,6.2,1.8135,0.6125,0.65,0.2079125,0.2266875
696,696.mp3,Nature,ExtraordinaryVibe,3.07,3.52,Jazz,development,696,5.3,2.3594,5.8,2.3476,0.5375,0.6,0.294925,0.29345
697,697.mp3,DJHarrison,VARiding(SingleEdit),0.18,1.03,Jazz,development,697,4.8,1.6193,5.8,1.1353,0.475,0.6,0.2024125,0.1419125
698,698.mp3,Bonobo,TheKeeper(Live@KEXP),1.45,2.3,Jazz,evaluation,698,3.9,2.0248,3.7,1.7029,0.3625,0.3375,0.2531,0.2128625
699,699.mp3,JaredC.Balogh,SYMPHONICSLIDE,3.09,3.54,Jazz,development,699,3.7,1.8886,4.5,1.5811,0.3375,0.4375,0.236075,0.1976375
700,700.mp3,Sephirot,MoonDream(ExtendedMix),6.19,7.04,Jazz,development,700,4.8,1.4757,5.6,1.4298,0.475,0.575,0.1844625,0.178725
702,702.mp3,WWIII,Shipyard,0.28,1.13,Jazz,development,702,7.5,1.5092,3.3,2.0575,0.8125,0.2875,0.18865,0.2571875
703,703.mp3,JazzatMladostClub,Arana,3.16,4.01,Jazz,development,703,5.1,2.1318,6,1.6997,0.5125,0.625,0.266475,0.2124625
704,704.mp3,Daddy_Scrabble,Monkeyshavearrived,0.21,1.06,Jazz,evaluation,704,4.1,1.1005,4.2,1.4757,0.3875,0.4,0.1375625,0.1844625
706,706.mp3,TheUnderscoreOrkestra,AmariSzi,3.15,4,Jazz,development,706,5.5,0.84984,6,0.94281,0.5625,0.625,0.10623,0.11785125
707,707.mp3,BenHolmesandPatrickFarrell,Prelude#2inAMinor(Chopin),0.59,1.44,Jazz,development,707,3.2,2.6583,3.1,1.912,0.275,0.2625,0.3322875,0.239
708,708.mp3,TransAtlanticRage,NOMATH7,1.5,2.35,Jazz,development,708,3.2,2.2998,3.2,1.6865,0.275,0.275,0.287475,0.2108125
709,709.mp3,TheUnderscoreOrkestra,Jovanko,1.59,2.44,Jazz,development,709,5.8,1.5492,5,1.8856,0.6,0.5,0.19365,0.2357
710,710.mp3,EhranElishaandRoyCampbell,TheyEnterThroughtheEar,3.47,4.32,Jazz,evaluation,710,5.4,1.4298,5.1,1.3703,0.55,0.5125,0.178725,0.1712875
711,711.mp3,KevinMacLeod,DancesandDames,1.26,2.11,Jazz,development,711,2.9,1.1972,3.1,1.1972,0.2375,0.2625,0.14965,0.14965
712,712.mp3,KevinMacLeod,AsIFigure,0.41,1.26,Jazz,development,712,3.4,1.1738,5.3,1.4944,0.3,0.5375,0.146725,0.1868
713,713.mp3,MarginalS,parte1parte4,1.27,2.12,Jazz,development,713,4.9,2.2828,6.3,2.1108,0.4875,0.6625,0.28535,0.26385
714,714.mp3,Nature,InTheTechnoTent,7.37,8.22,Jazz,development,714,4.4,1.8974,4.8,1.8738,0.425,0.475,0.237175,0.234225
715,715.mp3,JaredC.Balogh,PULLINGMYSELFUPTHROUGH,3.22,4.07,Jazz,development,715,2.9,1.4491,4.3,1.767,0.2375,0.4125,0.1811375,0.220875
717,717.mp3,TheUnderscoreOrkestra,UnderscoreUnderwear,0.04,0.49,Jazz,development,717,4.5,1.354,4.9,1.2867,0.4375,0.4875,0.16925,0.1608375
718,718.mp3,TheUnderscoreOrkestra,Cocek,3.09,3.54,Jazz,evaluation,718,5.9,1.6633,6.5,1.7159,0.6125,0.6875,0.2079125,0.2144875
719,719.mp3,LosSundayers,Transparente,0.2,1.05,Jazz,development,719,7.1,1.1972,7.2,1.2293,0.7625,0.775,0.14965,0.1536625
721,721.mp3,Nature,MicCheck,5.25,6.1,Jazz,evaluation,721,5.7,1.8886,5.5,1.0801,0.5875,0.5625,0.236075,0.1350125
722,722.mp3,QuantumJazz,OrbitingADistantPlanet,2.32,3.17,Jazz,development,722,5.7,1.6364,7,0.66667,0.5875,0.75,0.20455,0.08333375
723,723.mp3,ProleteR,AprilShowers,1.09,1.54,Jazz,evaluation,723,6.5,1.8409,7.2,1.1353,0.6875,0.775,0.2301125,0.1419125
724,724.mp3,RotterdamSkaJazzFoundation,RSJFoundationliveatPacificParc,2.36,3.21,Jazz,evaluation,724,6,1.0541,6.1,1.1005,0.625,0.6375,0.1317625,0.1375625
725,725.mp3,MysticMorrisonVisions,Octopus,1.28,2.13,Jazz,development,725,5.1,1.792,5.1,1.5239,0.5125,0.5125,0.224,0.1904875
726,726.mp3,Cooper-Moore,TrioTake5,0.16,1.01,Jazz,development,726,7,2.2608,3.6,1.8379,0.75,0.325,0.2826,0.2297375
727,727.mp3,JaredC.Balogh,THEHAPPIESTLIFE,1.44,2.29,Jazz,evaluation,727,4.3,1.767,4.5,1.9579,0.4125,0.4375,0.220875,0.2447375
728,728.mp3,TheUnderscoreOrkestra,Magdalena,4.34,5.19,Jazz,development,728,6.9,1.8529,7.5,1.2693,0.7375,0.8125,0.2316125,0.1586625
729,729.mp3,TheLuddites,PepperSprayBlues,2.23,3.08,Jazz,evaluation,729,6.4,1.075,3.5,1.6499,0.675,0.3125,0.134375,0.2062375
730,730.mp3,Keinzweiter,Mircoobee,4.32,5.17,Jazz,development,730,3.7,1.7029,4.5,1.0801,0.3375,0.4375,0.2128625,0.1350125
731,731.mp3,NeurolepticTrio,DžejbeDžejbe,0.46,1.31,Jazz,development,731,7.3,1.7029,5.8,1.8738,0.7875,0.6,0.2128625,0.234225
732,732.mp3,TheUnderscoreOrkestra,DoburVecher,0.1,0.55,Jazz,development,732,5.6,1.8379,6.3,0.94868,0.575,0.6625,0.2297375,0.118585
733,733.mp3,YairYona,MadAboutYou,0.58,1.43,Jazz,development,733,4.3,1.4944,5,1.5635,0.4125,0.5,0.1868,0.1954375
734,734.mp3,Hugo'Droopy'Contini,Sandu,0.18,1.03,Jazz,development,734,5.7,1.8886,6.3,1.6364,0.5875,0.6625,0.236075,0.20455
735,735.mp3,RevolutionVoid,InvisibleWalls,5.48,6.33,Jazz,development,735,4.3,1.0593,4.9,0.99443,0.4125,0.4875,0.1324125,0.12430375
736,736.mp3,KevinMacLeod-NightontheDocks,Sax,0.41,1.26,Jazz,development,736,2.7,1.4944,3.7,0.94868,0.2125,0.3375,0.1868,0.118585
737,737.mp3,DJHarrison,SomeOtherPlace,0.06,0.51,Jazz,development,737,4.1,0.99443,4.9,1.2867,0.3875,0.4875,0.12430375,0.1608375
738,738.mp3,TheUnderscoreOrkestra,BlueDraggish,0.57,1.42,Jazz,development,738,5.5,1.5092,6.2,1.3984,0.5625,0.65,0.18865,0.1748
739,739.mp3,QuantumJazz,BalcarabicChicken,0.23,1.08,Jazz,development,739,6.2,1.6193,6.9,0.99443,0.65,0.7375,0.2024125,0.12430375
740,740.mp3,GiladAtzmon,Futoristico,0.55,1.4,Jazz,development,740,3.7,1.8886,4,1.4142,0.3375,0.375,0.236075,0.176775
741,741.mp3,TheUnderscoreOrkestra,BrokenString,0.12,0.57,Jazz,development,741,4.6,1.5776,4.4,1.5776,0.45,0.425,0.1972,0.1972
742,742.mp3,OPRACHINA-Oprachina,Nitro,0.07,0.52,Jazz,development,742,6.1,2.2336,6.5,1.7159,0.6375,0.6875,0.2792,0.2144875
743,743.mp3,BlueSwerver,Tasky,0.17,1.02,Jazz,evaluation,743,3.1,1.5239,5,2.0548,0.2625,0.5,0.1904875,0.25685
744,744.mp3,ThiagoFrança,Capadócia,0.5,1.35,Jazz,development,744,6.1,1.3703,5.5,1.1785,0.6375,0.5625,0.1712875,0.1473125
745,745.mp3,Kreng,Maia,0.13,0.58,Jazz,development,745,4.2,1.1353,1.6,0.69921,0.4,0.075,0.1419125,0.08740125
746,746.mp3,TheMoonlighters,MyBlackbirdsAreBluebirdsNow,1.2,2.05,Jazz,evaluation,746,3.7,1.8288,4.6,2.0111,0.3375,0.45,0.2286,0.2513875
747,747.mp3,StephanSiebert-auf,bruch,4.19,5.04,Jazz,development,747,3.6,1.4298,4.9,1.2867,0.325,0.4875,0.178725,0.1608375
748,748.mp3,DirtyBeaches,NightCity,1.19,2.04,Jazz,evaluation,748,5.1,2.0248,4.4,1.6465,0.5125,0.425,0.2531,0.2058125
749,749.mp3,Slumgum,BigFun(NewRuckus),0.15,1,Jazz,evaluation,749,4.2,1.3166,4.9,1.4491,0.4,0.4875,0.164575,0.1811375
750,750.mp3,BenHolmesandPatrickFarrell,StreetSongHonga,5.18,6.03,Jazz,development,750,5.3,2.1108,5.7,2.0028,0.5375,0.5875,0.26385,0.25035
756,756.mp3,Plurabelle,Lips,0.21,1.06,Pop,evaluation,756,5.9,1.9692,6.8,0.78881,0.6125,0.725,0.24615,0.09860125
757,757.mp3,KurtVile,Freeway,1.15,2,Pop,development,757,6,1.3333,6.1,1.4491,0.625,0.6375,0.1666625,0.1811375
758,758.mp3,ghostandthesong,OuInme,0.09,0.54,Pop,evaluation,758,4.8,1.9889,5.9,1.1005,0.475,0.6125,0.2486125,0.1375625
759,759.mp3,LameDrivers,FrozenEgg,0.26,1.11,Pop,development,759,6.7,0.94868,5.9,1.1972,0.7125,0.6125,0.118585,0.14965
763,763.mp3,Jahzzar,Siesta,1.05,1.5,Pop,evaluation,763,3.5,1.5092,5.5,1.4337,0.3125,0.5625,0.18865,0.1792125
764,764.mp3,SleepingPolicemen,Vogelbird,2.03,2.48,Pop,development,764,6.3,1.7029,7.5,0.97183,0.6625,0.8125,0.2128625,0.12147875
767,767.mp3,WindomEarle,kirblooey,0.03,0.48,Pop,development,767,5.2,1.3166,6.5,0.52705,0.525,0.6875,0.164575,0.06588125
769,769.mp3,AMANDA,Chaos,0.11,0.56,Pop,development,769,6.2,1.7512,5,2.1602,0.65,0.5,0.2189,0.270025
773,773.mp3,U.S.Girls,TheIslandSong,1.59,2.44,Pop,development,773,4.5,1.8409,4.7,2.1108,0.4375,0.4625,0.2301125,0.26385
775,775.mp3,GhostHunter,InTheEarlyMonthsOfTheEmergency,0.18,1.03,Pop,development,775,3.7,1.6364,4.4,1.5776,0.3375,0.425,0.20455,0.1972
776,776.mp3,GhostHunter,ThroughTheHazeOfTheGreenGlasses,0.38,1.23,Pop,development,776,3.5,1.8409,4.5,2.3214,0.3125,0.4375,0.2301125,0.290175
777,777.mp3,TheStrangers,ALittleTooFast,0.21,1.06,Pop,development,777,6.2,2.2509,5.1,2.2828,0.65,0.5125,0.2813625,0.28535
779,779.mp3,Macaw,WhatCircleWhere,0.35,1.2,Pop,development,779,2.8,1.5492,5.3,1.4944,0.225,0.5375,0.19365,0.1868
780,780.mp3,TheWildbunch,Gay_Bar_videogame,0.01,0.46,Pop,development,780,5.8,1.4757,6.2,1.6193,0.6,0.65,0.1844625,0.2024125
781,781.mp3,DelicateSteve,Butterfly,2.16,3.01,Pop,development,781,4.9,2.1318,6.3,2.2136,0.4875,0.6625,0.266475,0.2767
782,782.mp3,TheStrangers,WhoAreYou,1,1.45,Pop,development,782,7.2,1.4757,4.7,2.5841,0.775,0.4625,0.1844625,0.3230125
784,784.mp3,BenjaminBret,LeGateauAuYaourt,0.13,0.58,Pop,evaluation,784,4.7,1.767,5.7,1.4181,0.4625,0.5875,0.220875,0.1772625
787,787.mp3,coverclub.nl-SchotelvandeDag,RideTheTide,1.33,2.18,Pop,development,787,6.1,1.912,6.3,1.7029,0.6375,0.6625,0.239,0.2128625
789,789.mp3,AustinLeonardJones,NoSlowDancing,0.31,1.16,Pop,evaluation,789,3.9,2.3781,5.2,2.044,0.3625,0.525,0.2972625,0.2555
790,790.mp3,SycamoreDrive,CitySounds,0.34,1.19,Pop,development,790,7.2,1.3166,5.4,1.5055,0.775,0.55,0.164575,0.1881875
791,791.mp3,Lezet,WestBank,0.03,0.48,Pop,development,791,2.7,1.3375,4.6,1.7764,0.2125,0.45,0.1671875,0.22205
794,794.mp3,TwoBicycles,Window#3,0.07,0.52,Pop,development,794,2.5,1.0801,4.2,1.1353,0.1875,0.4,0.1350125,0.1419125
795,795.mp3,ErgoPhizmiz,SimonCowell,2.28,3.13,Pop,development,795,2.2,1.0328,3.5,1.1785,0.15,0.3125,0.1291,0.1473125
796,796.mp3,LearningMusic,GhostTransference,1.55,2.4,Pop,development,796,5.2,2.3944,5.1,1.9692,0.525,0.5125,0.2993,0.24615
797,797.mp3,MondayNightFever,SundayLovers,1.57,2.42,Pop,evaluation,797,4.9,2.2336,5.4,1.9551,0.4875,0.55,0.2792,0.2443875
798,798.mp3,Casetofoane,Waha,1.14,1.59,Pop,development,798,6.5,1.5092,5.9,1.8529,0.6875,0.6125,0.18865,0.2316125
799,799.mp3,Ducktails,BeachPointPleasant,4.28,5.13,Pop,development,799,4.1,1.2867,5.6,0.69921,0.3875,0.575,0.1608375,0.08740125
800,800.mp3,LesOreilles-Quarante,Cinq,1.45,2.3,Pop,development,800,4.5,1.7159,4.5,1.9579,0.4375,0.4375,0.2144875,0.2447375
801,801.mp3,Keshco,MartyFeldman,0.1,0.55,Pop,development,801,3.3,2.1108,3.5,2.2236,0.2875,0.3125,0.26385,0.27795
804,804.mp3,Jahzzar,BirthdayCake,3.4,4.25,Pop,development,804,6.9,1.1005,6.8,0.63246,0.7375,0.725,0.1375625,0.0790575
805,805.mp3,Keshco,SonOfASystemsEngineerManager,0.55,1.4,Pop,development,805,2.2,1.0328,3.5,1.4337,0.15,0.3125,0.1291,0.1792125
806,806.mp3,coverclub.nl-LauraVane&theVipertones,ChristmasDayWithMe,0.47,1.32,Pop,development,806,6.4,1.7764,6.6,1.8974,0.675,0.7,0.22205,0.237175
807,807.mp3,Björn&Gorden,Ftgrr,2.32,3.17,Pop,development,807,4.8,1.6865,6.5,0.97183,0.475,0.6875,0.2108125,0.12147875
808,808.mp3,GregGibbs,Lost,0.37,1.22,Pop,development,808,3.1,1.5951,4.3,1.9465,0.2625,0.4125,0.1993875,0.2433125
810,810.mp3,LosAmparito,Elbarzón,2.36,3.21,Pop,evaluation,810,6.5,1.6499,6.6,0.69921,0.6875,0.7,0.2062375,0.08740125
811,811.mp3,PartyPeopleinaCan,TouristShootingTarBalls,1.1,1.55,Pop,development,811,4.1,1.5239,4.9,1.4491,0.3875,0.4875,0.1904875,0.1811375
813,813.mp3,MyBubba&Mi,Wild&You,0.08,0.53,Pop,development,813,6.2,1.2293,6.7,1.0593,0.65,0.7125,0.1536625,0.1324125
814,814.mp3,etc.,rebitterfly,0.19,1.04,Pop,development,814,6.1,1.4491,5.3,1.7029,0.6375,0.5375,0.1811375,0.2128625
815,815.mp3,Plurabelle,LightLivid,2.37,3.22,Pop,development,815,5.5,1.6499,5.9,0.99443,0.5625,0.6125,0.2062375,0.12430375
818,818.mp3,MiróBelle,InFielder,1.05,1.5,Pop,evaluation,818,5.9,1.3703,6.8,1.4757,0.6125,0.725,0.1712875,0.1844625
819,819.mp3,ErgoPhizmiz,Tilly'sPuncturedRomancer,0.39,1.24,Pop,development,819,4,1.9437,5.7,1.4944,0.375,0.5875,0.2429625,0.1868
820,820.mp3,Plurabelle,Wallflower,1.49,2.34,Pop,development,820,6.4,1.5055,6.4,1.4298,0.675,0.675,0.1881875,0.178725
823,823.mp3,GringoStar,YouWantIt,0.01,0.46,Pop,development,823,4.8,1.6193,4.8,1.2293,0.475,0.475,0.2024125,0.1536625
824,824.mp3,SycamoreDrive,UntoldStory,0.58,1.43,Pop,evaluation,824,7.2,1.4757,7,1.0541,0.775,0.75,0.1844625,0.1317625
825,825.mp3,FAVORS,IKeepMySoulAlivewithDifferentKindsofGerms,0.46,1.31,Pop,development,825,4.1,2.331,5.7,1.2517,0.3875,0.5875,0.291375,0.1564625
826,826.mp3,Dean&Britta,I'llKeepItWithMine,2.59,3.44,Pop,evaluation,826,4,1.633,4.7,1.4181,0.375,0.4625,0.204125,0.1772625
829,829.mp3,Jahzzar,Talktome,0.14,0.59,Pop,evaluation,829,2.3,1.0593,4.5,1.4337,0.1625,0.4375,0.1324125,0.1792125
830,830.mp3,Casetofoane,Enel,5.17,6.02,Pop,development,830,5.3,1.567,5.9,1.5239,0.5375,0.6125,0.195875,0.1904875
831,831.mp3,Casetofoane,Electrohood,5.31,6.16,Pop,development,831,5.2,1.2293,6.2,0.78881,0.525,0.65,0.1536625,0.09860125
833,833.mp3,Casetofoane,Rocky5000,3.55,4.4,Pop,development,833,5,1.633,5.8,1.2293,0.5,0.6,0.204125,0.1536625
834,834.mp3,Keshco,FlyByNight,0.52,1.37,Pop,development,834,4.7,1.8288,4.3,1.8886,0.4625,0.4125,0.2286,0.236075
836,836.mp3,TheScallions,MemoriesAreMadeofThis,1.57,2.42,Pop,development,836,7.1,1.1972,5.7,2.0028,0.7625,0.5875,0.14965,0.25035
839,839.mp3,ErgoPhizmiz,FunWithPetroleum,3.01,3.46,Pop,development,839,5.7,1.4181,4.4,1.8379,0.5875,0.425,0.1772625,0.2297375
841,841.mp3,KurtVile,NicotineBlues,0.53,1.38,Pop,development,841,4.2,1.4757,4.7,1.2517,0.4,0.4625,0.1844625,0.1564625
844,844.mp3,GustavTaxén,Wizball,1.54,2.39,Pop,evaluation,844,3.8,2.0976,3.4,1.2649,0.35,0.3,0.2622,0.1581125
845,845.mp3,ChristianVestergaard,TheGreatGianaSisters(Pianocover),1.33,2.18,Pop,development,845,5.1,1.9692,4,1.8257,0.5125,0.375,0.24615,0.2282125
846,846.mp3,Flora,HighBuildings,2.06,2.51,Pop,development,846,6,1.1547,5.5,1.1785,0.625,0.5625,0.1443375,0.1473125
848,848.mp3,ShirleyandSpinoza-Half,EatingBabyLionsNightmare,3.03,3.48,Pop,development,848,2.2,1.3984,2.7,1.1595,0.15,0.2125,0.1748,0.1449375
850,850.mp3,ErgoPhizmiz,StrangeThings,0.2,1.05,Pop,development,850,3.3333,1.9365,2.7778,0.97183,0.2916625,0.222225,0.2420625,0.12147875
851,851.mp3,HowHow-Tetrolux,EtamEtamski,0.26,1.11,Pop,development,851,5,0.8165,4.4,1.075,0.5,0.425,0.1020625,0.134375
852,852.mp3,AndreaBaroni,Erebus(piano),0.34,1.19,Pop,development,852,4.5,1.5811,4.7,2.1628,0.4375,0.4625,0.1976375,0.27035
854,854.mp3,MyBubba&Mi,Through&Through,0.4,1.25,Pop,development,854,2.9,1.3703,3.8,1.5492,0.2375,0.35,0.1712875,0.19365
855,855.mp3,TheFamilySimpson,2,0.37,1.22,Pop,evaluation,855,2.9,1.9692,4.5,1.4337,0.2375,0.4375,0.24615,0.1792125
856,856.mp3,Sloan,TheOtherMan,1.38,2.23,Pop,development,856,6.7,0.94868,5.6,0.84327,0.7125,0.575,0.118585,0.10540875
857,857.mp3,CharlotteGainsbourg,TrickPony(Live@KEXP),1.23,2.08,Pop,development,857,4.9,1.9692,5.3,2.0575,0.4875,0.5375,0.24615,0.2571875
858,858.mp3,Jahzzar,Alive,2.13,2.58,Pop,development,858,4.4,2.1187,4.5,2.3214,0.425,0.4375,0.2648375,0.290175
859,859.mp3,Moonove,Delta,1.43,2.28,Pop,development,859,3.6,2.1187,5.1,2.1318,0.325,0.5125,0.2648375,0.266475
860,860.mp3,MrJuan,SeñorBomba,1.15,2,Pop,development,860,6.6,0.96609,6.7,1.3375,0.7,0.7125,0.12076125,0.1671875
863,863.mp3,ComputerMagic,TheEndofTime,1.5,2.35,Pop,development,863,6.4,1.1738,7,1.0541,0.675,0.75,0.146725,0.1317625
864,864.mp3,Jahzzar,Polaroid,1.55,2.4,Pop,development,864,5.7,1.1595,5.9,1.1005,0.5875,0.6125,0.1449375,0.1375625
865,865.mp3,TheMythics,LoveMeLikeYou,0.53,1.38,Pop,development,865,2.8,1.8738,4.6,1.5776,0.225,0.45,0.234225,0.1972
866,866.mp3,Deerhoof,BasketBallGetYourGrooveBack(Live@KEXP),0.03,0.48,Pop,development,866,5.8,1.2293,5.1,1.6633,0.6,0.5125,0.1536625,0.2079125
867,867.mp3,DudaNunes,Saudades,0.52,1.37,Pop,development,867,5.8,1.9322,6.5,2.1213,0.6,0.6875,0.241525,0.2651625
869,869.mp3,Plurabelle,cuts&bruises,0.4,1.25,Pop,development,869,2.6,1.7764,4.1,2.0248,0.2,0.3875,0.22205,0.2531
871,871.mp3,SycamoreDrive,DeepThoughtProcess,0.13,0.58,Pop,development,871,6.4,1.4298,6,1.9437,0.675,0.625,0.178725,0.2429625
872,872.mp3,Cranston,TickingAway,0.22,1.07,Pop,development,872,3.4,1.7127,5.5,1.9003,0.3,0.5625,0.2140875,0.2375375
873,873.mp3,YACHT,SummerSong(Instrumental),1.17,2.02,Pop,development,873,6.8,1.0328,7,0.8165,0.725,0.75,0.1291,0.1020625
874,874.mp3,BlackMath,ThisLove'sGottoChange,0.16,1.01,Pop,development,874,6.3,1.567,4.4,2.0656,0.6625,0.425,0.195875,0.2582
876,876.mp3,et_,Kopeika,5.45,6.3,Rock,development,876,6.3,2.3118,6.7,1.767,0.6625,0.7125,0.288975,0.220875
879,879.mp3,StateShirt,Computer,1.5,2.35,Rock,development,879,5.6,1.075,6,1.3333,0.575,0.625,0.134375,0.1666625
880,880.mp3,HoganGrip,StanceGivesYouBalance,2.18,3.03,Rock,development,880,4.9,2.2336,3.8,1.7512,0.4875,0.35,0.2792,0.2189
882,882.mp3,Jahzzar,Thelastones,0.44,1.29,Rock,development,882,5.3,1.767,5.2,1.5492,0.5375,0.525,0.220875,0.19365
884,884.mp3,GhostHunter,OldWhiteEye,0.19,1.04,Rock,development,884,5.5,2.0683,5,1.5635,0.5625,0.5,0.2585375,0.1954375
886,886.mp3,krackatoa,MariachiBanditsofGatlingGunRidge,2.32,3.17,Rock,evaluation,886,5.9,0.99443,5.4,1.4298,0.6125,0.55,0.12430375,0.178725
887,887.mp3,Kraus,HappeningforLulu,1.06,1.51,Rock,development,887,5.1,1.7288,5.6,1.5055,0.5125,0.575,0.2161,0.1881875
889,889.mp3,TheFreakFandangoOrchestra,RequiemforaFish,0.32,1.17,Rock,development,889,6.9,1.792,7.2,1.6193,0.7375,0.775,0.224,0.2024125
890,890.mp3,HolyCoast,TheBeach!TheBeach!,0.08,0.53,Rock,evaluation,890,3.6,1.6465,4.7,1.767,0.325,0.4625,0.2058125,0.220875
891,891.mp3,Gillicuddy,JupiterTheBlue,0.27,1.12,Rock,development,891,3.4,1.5055,5.5,1.0801,0.3,0.5625,0.1881875,0.1350125
892,892.mp3,Paneye,NorthSeaRadio,0.58,1.43,Rock,development,892,3.9,2.1318,2.9,1.1972,0.3625,0.2375,0.266475,0.14965
893,893.mp3,TyrannicToy,Blackroad,0.25,1.1,Rock,evaluation,893,7.3,1.9465,3.3,2.1628,0.7875,0.2875,0.2433125,0.27035
897,897.mp3,reedblue&exteenager,arriba,0.01,0.46,Rock,development,897,4.9,1.4491,4.3,1.4181,0.4875,0.4125,0.1811375,0.1772625
898,898.mp3,RoomForAGhost,No,3.16,4.01,Rock,development,898,6.4,2.0111,5.5,2.0138,0.675,0.5625,0.2513875,0.251725
899,899.mp3,LinusAkesson,OneManAndHisPiano,1.26,2.11,Rock,evaluation,899,5.3,1.8886,6.3,1.6364,0.5375,0.6625,0.236075,0.20455
902,902.mp3,ArrogallaremixesDadub,Naramiddupoita(feat,0.56,1.41,Rock,development,902,7,0.8165,3.3,1.6364,0.75,0.2875,0.1020625,0.20455
903,903.mp3,VivianGirls,WildEyes(live@WFMU),0.5,1.35,Rock,development,903,5.9,1.1972,5.6,1.2649,0.6125,0.575,0.14965,0.1581125
904,904.mp3,krackatoa,SomethingIntheWoods,3,3.45,Rock,development,904,5.7,1.2517,4.2,1.8135,0.5875,0.4,0.1564625,0.2266875
908,908.mp3,KarenCooperComplex,YouCan'tHaveItShinjukuBirdwalk,1.21,2.06,Rock,development,908,5.5,1.1785,4.9,1.7288,0.5625,0.4875,0.1473125,0.2161
909,909.mp3,Juanitos,Exotica,0.26,1.11,Rock,development,909,6,2,5.5,2.3214,0.625,0.5625,0.25,0.290175
910,910.mp3,YACHT,Utopia(instrumental),0.45,1.3,Rock,development,910,7,1.633,6.6,1.8379,0.75,0.7,0.204125,0.2297375
911,911.mp3,OriginalInnocence,JungleLaw,0.24,1.09,Rock,development,911,7.1,1.2867,4,1.5635,0.7625,0.375,0.1608375,0.1954375
913,913.mp3,MountainCult,Untitled06,4.58,5.43,Rock,development,913,4.8,2.044,3.3,1.6364,0.475,0.2875,0.2555,0.20455
915,915.mp3,Noi,EverythingIsChanging,0.42,1.27,Rock,development,915,5,2,5.2,1.6193,0.5,0.525,0.25,0.2024125
921,921.mp3,Juanitos,Sambarama,2.04,2.49,Rock,development,921,5.9,1.1972,6.1,1.3703,0.6125,0.6375,0.14965,0.1712875
924,924.mp3,Juanitos,StrangeItalianSong,2.3,3.15,Rock,evaluation,924,5.4,1.8974,6.2,1.4757,0.55,0.65,0.237175,0.1844625
925,925.mp3,CharlesAtlas,Photosphere,3.45,4.3,Rock,development,925,4.9,1.5951,5.7,1.7029,0.4875,0.5875,0.1993875,0.2128625
926,926.mp3,Everlone,FlyingAlaskaV,2.06,2.51,Rock,development,926,4,1.6997,5.5,1.0801,0.375,0.5625,0.2124625,0.1350125
928,928.mp3,Waiters,the13O'ClockintheMorning,2.23,3.08,Rock,development,928,5,2.0548,4,1.8856,0.5,0.375,0.25685,0.2357
931,931.mp3,Halloween,MickeyMaos,0.26,1.11,Rock,development,931,6.3,2.3118,6.5,1.8409,0.6625,0.6875,0.288975,0.2301125
932,932.mp3,…AndYouWillKnowUsByTheTrailOfDead,CrowningOfAHeart(Live@KEXP),0.45,1.3,Rock,development,932,4.5,1.4337,4.9,1.8529,0.4375,0.4875,0.1792125,0.2316125
934,934.mp3,LameDrivers,OtherSide,0.53,1.38,Rock,evaluation,934,6.2,1.8738,6.4,1.7127,0.65,0.675,0.234225,0.2140875
936,936.mp3,DumboGetsMad,PlumyTale,0.32,1.17,Rock,development,936,5.4,1.6465,4.7,1.767,0.55,0.4625,0.2058125,0.220875
938,938.mp3,MilkMusic,ThrashingInTheUnknown,2.49,3.34,Rock,evaluation,938,7.3,0.82327,4.2,1.3984,0.7875,0.4,0.10290875,0.1748
939,939.mp3,RichardThere,Youshouldgoon,0.02,0.47,Rock,development,939,6.2,1.4757,2.7,1.1595,0.65,0.2125,0.1844625,0.1449375
941,941.mp3,Morphamish+Tekkerz,GetMyFix(MorphamishMix),1.31,2.16,Rock,development,941,7.2,1.0328,5.9,1.792,0.775,0.6125,0.1291,0.224
942,942.mp3,Pajaro,SantaLeone,0.03,0.48,Rock,evaluation,942,4.8,1.6865,4.1,2.079,0.475,0.3875,0.2108125,0.259875
944,944.mp3,Shark,HeyGrrl,0.29,1.14,Rock,development,944,7.1,0.99443,6.5,1.2693,0.7625,0.6875,0.12430375,0.1586625
945,945.mp3,TheGhostOf29Megacycles,Leelo(Part1),5.01,5.46,Rock,evaluation,945,2.3,1.4181,2.8,1.5492,0.1625,0.225,0.1772625,0.19365
949,949.mp3,WaylonThornton,FavoriteSecrets,0.02,0.47,Rock,development,949,5.7,1.567,6.1,1.2867,0.5875,0.6375,0.195875,0.1608375
952,952.mp3,GlassBoy,Mondayat12,0.21,1.06,Rock,development,952,4.2,2.2509,3.7,1.4181,0.4,0.3375,0.2813625,0.1772625
954,954.mp3,DoronDeutsch,BruceLee(acousticJam),2.49,3.34,Rock,development,954,5.1,1.6633,5.5,1.0801,0.5125,0.5625,0.2079125,0.1350125
955,955.mp3,Everlone,BlindEyes,0.08,0.53,Rock,evaluation,955,3.8,1.4757,5.6,0.84327,0.35,0.575,0.1844625,0.10540875
956,956.mp3,end'snotnear,IndianSummer,3.21,4.06,Rock,development,956,4.5,1.0801,5.4,0.96609,0.4375,0.55,0.1350125,0.12076125
957,957.mp3,unautomneàLob-Nor,bossA,2.55,3.4,Rock,development,957,2.8,1.1353,4.7,1.6364,0.225,0.4625,0.1419125,0.20455
958,958.mp3,Trailblazer,(Untitled1),1.38,2.23,Rock,development,958,5.5,1.9579,5.1,1.912,0.5625,0.5125,0.2447375,0.239
959,959.mp3,springtide,Indyair,0.48,1.33,Rock,development,959,6.2,2.044,6.4,2.1187,0.65,0.675,0.2555,0.2648375
960,960.mp3,Anamanaguchi,HelixNebula,0.52,1.37,Rock,development,960,7.7,1.3375,7.7,0.82327,0.8375,0.8375,0.1671875,0.10290875
961,961.mp3,JamesBeaudreau,UnionSquare,3.33,4.18,Rock,development,961,5.6,0.84327,5.5,1.2693,0.575,0.5625,0.10540875,0.1586625
962,962.mp3,IceAge,RottingHeights,0.2,1.05,Rock,evaluation,962,7.4,0.96609,3.4,1.5776,0.8,0.3,0.12076125,0.1972
964,964.mp3,J.Walker&TheCrossguards,Driftin'Around,0.28,1.13,Rock,development,964,7.6,0.96609,7,1.5635,0.825,0.75,0.12076125,0.1954375
967,967.mp3,DanielJohnston,IHadADream,1.02,1.47,Rock,development,967,2.8,2.201,4.4,2.2706,0.225,0.425,0.275125,0.283825
968,968.mp3,AbeSada-Black,BarTrombone,1.01,1.46,Rock,development,968,3.8,2.2509,3.2,1.8135,0.35,0.275,0.2813625,0.2266875
970,970.mp3,Pharaos,ThePharaos'Theme,0.45,1.3,Rock,evaluation,970,6.6,1.6465,6.6,1.6465,0.7,0.7,0.2058125,0.2058125
973,973.mp3,MountCarmel,Swagg's&Elliot,0.17,1.02,Rock,development,973,6.5,1.9003,4.6,2.2211,0.6875,0.45,0.2375375,0.2776375
974,974.mp3,KarlBlau,CrucialContact,1.2,2.05,Rock,development,974,4.1,1.7288,4.2,1.8738,0.3875,0.4,0.2161,0.234225
976,976.mp3,GlassBoy,MerryChristmas,2.35,3.2,Rock,development,976,6.2,1.1353,5.9,1.2867,0.65,0.6125,0.1419125,0.1608375
977,977.mp3,BlackMath,SuckCity,1.03,1.48,Rock,development,977,7.3,1.0593,3.5,1.7159,0.7875,0.3125,0.1324125,0.2144875
978,978.mp3,krackatoa,AbsolutelyGorgeous,1.06,1.51,Rock,development,978,7.7,1.4944,6.1,2.1318,0.8375,0.6375,0.1868,0.266475
979,979.mp3,RueRoyale,DecktheHalls,0.24,1.09,Rock,development,979,3.1,1.6633,5.5,1.9579,0.2625,0.5625,0.2079125,0.2447375
980,980.mp3,Mahjongg,TellThePoliceTheTruth,0.32,1.17,Rock,development,980,5.8,1.2293,4.3,1.8288,0.6,0.4125,0.1536625,0.2286
981,981.mp3,Morphamish,BottumsUp,1.45,2.3,Rock,development,981,6.7,1.8886,6.6,1.5776,0.7125,0.7,0.236075,0.1972
983,983.mp3,YACHT,Tripped&FellInLove(instrumental),5.19,6.04,Rock,development,983,4.8,2.3476,6.3,1.3375,0.475,0.6625,0.29345,0.1671875
985,985.mp3,BeachHouse,Zebra(Live@KEXP),1.41,2.26,Rock,evaluation,985,3.9,1.912,6.1,1.2867,0.3625,0.6375,0.239,0.1608375
986,986.mp3,Suicide,Girl,1.36,2.21,Rock,development,986,5.8,1.0328,4.5,2.0683,0.6,0.4375,0.1291,0.2585375
987,987.mp3,JackRuby,HitandRun,0.44,1.29,Rock,development,987,6.3,1.7029,3.6,1.6465,0.6625,0.325,0.2128625,0.2058125
988,988.mp3,Bluebrain,ThePull,0.12,0.57,Rock,evaluation,988,5.4,1.2649,5.9,1.5951,0.55,0.6125,0.1581125,0.1993875
989,989.mp3,Vespre,pistequatre,3.39,4.24,Rock,development,989,6.3,2.1108,6.4,1.6465,0.6625,0.675,0.26385,0.2058125
990,990.mp3,JeniferAvila,ElTranvía,1.12,1.57,Rock,development,990,6,1.6997,6.1,1.5951,0.625,0.6375,0.2124625,0.1993875
991,991.mp3,Moore&Sons,MovingAway,0.28,1.13,Rock,development,991,3.1,1.3703,3.5,1.5811,0.2625,0.3125,0.1712875,0.1976375
993,993.mp3,HoganGrip,StanceGivesYouPower,0.01,0.46,Rock,development,993,4.4,1.2649,3.8,1.2293,0.425,0.35,0.1581125,0.1536625
994,994.mp3,MorphamishremixesFullBlush,Engine#3(MorphamishRemix),3.49,4.34,Rock,development,994,6.6,1.8379,5.3,1.6364,0.7,0.5375,0.2297375,0.20455
995,995.mp3,BenjaminBret,HonteDeToi,1.08,1.53,Rock,development,995,4.7,1.3375,2.4,0.96609,0.4625,0.175,0.1671875,0.12076125
996,996.mp3,Jahzzar,Fireworks,0.17,1.02,Rock,development,996,6,1.6997,6.7,1.767,0.625,0.7125,0.2124625,0.220875
997,997.mp3,Halloween,MonsterOnCampus,0.28,1.13,Rock,development,997,6.4,2.2211,6.7,1.767,0.675,0.7125,0.2776375,0.220875
999,999.mp3,Jahzzar,SoEasy,0.51,1.36,Rock,development,999,4.1,2.4244,5.9,1.6633,0.3875,0.6125,0.30305,0.2079125
1000,1000.mp3,RepublicOfLights-GotYouSurrounded,Single,0.42,1.27,Rock,evaluation,1000,7.2222,1.0929,5.8889,2.0883,0.777775,0.6111125,0.1366125,0.2610375
